Unnamed: 0,Код,Търговски обект,Наименование на продукта,Код на продукта,Категория,Цена,Цена в промоция,store,updated_at,<!DOCTYPE html>
,68134.0,197 - София/бул. Васил Левски 152,"Грах фин, консерва 425мл (OHT 280g)",29408.0,47.0,0.96,,Lidl,2026-10-09,
,68134.0,197 - София/бул. Васил Левски 152,Rothmans Цигари 100's Sky Blue103,7209703.0,78.0,3.7,,Lidl,2026-10-09,
,68134.0,197 - София/бул. Васил Левски 152,Parliament Aqua Blue Цигари,7208593.0,78.0,4.09,,Lidl,2026-10-09,
,68134.0,197 - София/бул. Васил Левски 152,Масло с морска сол ,7400119.0,12.0,2.99,,Lidl,2026-10-09,
,68134.0,197 - София/бул. Васил Левски 152,"Био пюре с пуешко, макарони и зеле",138002.0,64.0,1.41,,Lidl,2026-10-09,
,68134.0,197 - София/бул. Васил Левски 152,"Краве сирене от собств.ферма, зр.60",7207366.0,9.0,4.6,,Lidl,2026-10-09,
,68134.0,197 - София/бул. Васил Левски 152,Сьомгова пъстърва,7207507.0,30.0,7.99,,Lidl,2026-10-09,
,68134.0,197 - София/бул. Васил Левски 152,"Прясно пилешко бутче ок. 0,660 кг",1515.0,17.0,2.89,,Lidl,2026-10-09,
,68134.0,197 - София/бул. Васил Левски 152,Milki Dream Кашкавал,7206878.0,11.0,9.45,,Lidl,2026-10-09,
,68134.0,197 - София/бул. Васил Левски 152,Stallion Chardonnay Barrique,7209794.0,75.0,7.66,,Lidl,2026-10-09,
,68134.0,197 - София/бул. Васил Левски 152,Milki Dream Краве масло 82% масл,7208802.0,12.0,2.3,,Lidl,2026-10-09,
,68134.0,197 - София/бул. Васил Левски 152,Sensodyne Паста за зъби с флуорид,2702.0,81.0,3.5,,Lidl,2026-10-09,
,68134.0,197 - София/бул. Васил Левски 152,Costa Crema Blend Кафе на зърна,7206645.0,71.0,18.99,,Lidl,2026-10-09,
,68134.0,197 - София/бул. Васил Левски 152,Vogue Цигари Lilac 97 мм,7209698.0,78.0,3.8,,Lidl,2026-10-09,
,68134.0,197 - София/бул. Васил Левски 152,Трицветни фузили,6000810.0,36.0,1.78,,Lidl,2026-10-09,
,68134.0,197 - София/бул. Васил Левски 152,Stallion Cabernet Franc,7209798.0,76.0,3.89,,Lidl,2026-10-09,
,68134.0,197 - София/бул. Васил Левски 152,Лионски салам сортиран СК1,6812133.0,27.0,3.73,,Lidl,2026-10-09,
,68134.0,197 - София/бул. Васил Левски 152,"Млечнокисел продукт, 2% XXL",7205366.0,7.0,0.61,,Lidl,2026-10-09,
,68134.0,197 - София/бул. Васил Левски 152,"Krina"" Бял боб (ОНТ 400)",7208918.0,46.0,1.84,,Lidl,2026-10-09,
,68134.0,197 - София/бул. Васил Левски 152,Шунка и гауда,6205329.0,27.0,2.89,,Lidl,2026-10-09,
,68134.0,197 - София/бул. Васил Левски 152,Vereya Сирене от краве мляко,7201322.0,9.0,8.07,,Lidl,2026-10-09,
,68134.0,197 - София/бул. Васил Левски 152,Vereya Кашкавал от краве мляко,7201321.0,11.0,6.98,,Lidl,2026-10-09,
,68134.0,197 - София/бул. Васил Левски 152,Кафе Россо,98384.0,70.0,3.79,,Lidl,2026-10-09,
,68134.0,197 - София/бул. Васил Левски 152,Бял хляб с квас,7208093.0,1.0,1.25,,Lidl,2026-10-09,
,68134.0,197 - София/бул. Васил Левски 152,Veda Оцет,7200467.0,44.0,0.86,,Lidl,2026-10-09,
,68134.0,197 - София/бул. Васил Левски 152,Занаятчийски ръжено-пшеничен хляб,7208626.0,3.0,1.32,,Lidl,2026-10-09,
,68134.0,197 - София/бул. Васил Левски 152,"Krina Боб трапезен, 1кг-плик",7209349.0,33.0,2.3,,Lidl,2026-10-09,
,68134.0,197 - София/бул. Васил Левски 152,Mlekarkata Kраве масло 82% масленос,7208953.0,12.0,1.78,,Lidl,2026-10-09,
,68134.0,197 - София/бул. Васил Левски 152,"Филе Елена XXL, 300г",7207468.0,28.0,5.11,,Lidl,2026-10-09,
,68134.0,197 - София/бул. Васил Левски 152,Точени кори за баница фини,7201754.0,5.0,1.22,,Lidl,2026-10-09,
,68134.0,197 - София/бул. Васил Левски 152,Гръцко маслиново масло,6200505.0,43.0,7.5,,Lidl,2026-10-09,
,68134.0,197 - София/бул. Васил Левски 152,"Hipp Био меню тиква,пуешко,4+месеца",7204479.0,64.0,1.89,,Lidl,2026-10-09,
,68134.0,197 - София/бул. Васил Левски 152,Aptamil Адаптирано мляко 2 (6-12м),3000.0,65.0,21.37,,Lidl,2026-10-09,
,68134.0,197 - София/бул. Васил Левски 152,Зеле на кг,82913.0,57.0,1.59,0.49,Lidl,2026-10-09,
,68134.0,197 - София/бул. Васил Левски 152,"Papadopoulos бисквити,2x225g",7205287.0,66.0,1.78,,Lidl,2026-10-09,
,68134.0,197 - София/бул. Васил Левски 152,Зелен грах екстра фин (ОНТ 445g),195045.0,47.0,1.63,,Lidl,2026-10-09,
,68134.0,197 - София/бул. Васил Левски 152,Сал.сирене от кр.мляко с пов.вод.с.,7209598.0,9.0,3.59,,Lidl,2026-10-09,
,68134.0,197 - София/бул. Васил Левски 152,"Pirinsko Бира 4,4% алк. 9,8°Р",7203371.0,74.0,1.6,,Lidl,2026-10-09,
,68134.0,197 - София/бул. Васил Левски 152,"Kehlibar Гроздова ракия 40% алк,",7204964.0,77.0,9.71,7.39,Lidl,2026-10-09,
,68134.0,197 - София/бул. Васил Левски 152,Краве сирене в саламура XXL,5487.0,9.0,4.19,,Lidl,2026-10-09,
,68134.0,197 - София/бул. Васил Левски 152,"Бекон, варено-пушен, крайни парчета",7210116.0,27.0,7.69,,Lidl,2026-10-09,
,68134.0,197 - София/бул. Васил Левски 152,"Лютеница XXL, едросмляна ",7206887.0,49.0,3.99,,Lidl,2026-10-09,
,68134.0,197 - София/бул. Васил Левски 152,Шампоан ES 400 ml SK 2,188527.0,82.0,1.27,,Lidl,2026-10-09,
,68134.0,197 - София/бул. Васил Левски 152,Чай мента,5502556.0,72.0,0.51,,Lidl,2026-10-09,
,68134.0,197 - София/бул. Васил Левски 152,Paradontax Паста за зъби SK1,7209240.0,81.0,3.22,,Lidl,2026-10-09,
,68134.0,197 - София/бул. Васил Левски 152,"Картофи, четкани на кг",83155.0,61.0,0.81,0.49,Lidl,2026-10-09,
,68134.0,197 - София/бул. Васил Левски 152,Dunhill SS Rose Select,7208900.0,78.0,3.99,,Lidl,2026-10-09,
,68134.0,197 - София/бул. Васил Левски 152,OrehiteПромоп.Добрудж.луканка и Шпе,7209103.0,28.0,6.39,,Lidl,2026-10-09,
,68134.0,197 - София/бул. Васил Левски 152,Обикновени бисквити,6900331.0,66.0,0.95,,Lidl,2026-10-09,
,68134.0,197 - София/бул. Васил Левски 152,Варено-пушено св. контрафиле 80%,7200497.0,27.0,9.45,,Lidl,2026-10-09,
,68134.0,197 - София/бул. Васил Левски 152,Италиански салам Стролгино,6000067.0,28.0,3.99,,Lidl,2026-10-09,
,68134.0,197 - София/бул. Васил Левски 152,Детска паста за зъби,1019059.0,81.0,0.59,,Lidl,2026-10-09,
,68134.0,197 - София/бул. Васил Левски 152,Сирене смес от собствената ферма,7205668.0,9.0,6.44,,Lidl,2026-10-09,
,68134.0,197 - София/бул. Васил Левски 152,Ръчен типов хляб,7206292.0,4.0,0.97,,Lidl,2026-10-09,
,68134.0,197 - София/бул. Васил Левски 152,Kinder Шоколад 8 бр.,2815.0,69.0,2.02,,Lidl,2026-10-09,
,68134.0,197 - София/бул. Васил Левски 152,Сирене Колумие,219317.0,9.0,2.79,,Lidl,2026-10-09,
,68134.0,197 - София/бул. Васил Левски 152,"Пресни яйца разм.L,подово отглежд",7209005.0,32.0,2.69,,Lidl,2026-10-09,
,68134.0,197 - София/бул. Васил Левски 152,Ябълки зелени Грени Смит на кг,81312.0,53.0,2.25,1.99,Lidl,2026-10-09,
,68134.0,197 - София/бул. Васил Левски 152,Пилешко филе от царевично пиле,6802425.0,16.0,8.69,,Lidl,2026-10-09,
,68134.0,197 - София/бул. Васил Левски 152,Шпеков салам Бургас Промопакет 2+1,7201929.0,28.0,4.08,,Lidl,2026-10-09,
,68134.0,197 - София/бул. Васил Левски 152,Lacrima Кашкавал от краве мляко БДC,7206394.0,11.0,4.6,,Lidl,2026-10-09,
,68134.0,197 - София/бул. Васил Левски 152,Градински грах (ОНТ 265g),29072.0,47.0,0.86,,Lidl,2026-10-09,
,68134.0,197 - София/бул. Васил Левски 152,Грах с моркови (ОНТ 530g),29406.0,47.0,2.55,,Lidl,2026-10-09,
,68134.0,197 - София/бул. Васил Левски 152,Lavazza Qualita Oro Мляно кафе,7201990.0,70.0,9.4,,Lidl,2026-10-09,
,68134.0,197 - София/бул. Васил Левски 152,"Свински бут без кост, цяло парче",7204749.0,19.0,3.35,,Lidl,2026-10-09,
,68134.0,197 - София/бул. Васил Левски 152,Ориз Басмати 1 kg,136419.0,35.0,2.99,,Lidl,2026-10-09,
,68134.0,197 - София/бул. Васил Левски 152,Нилски костур филе,7209190.0,30.0,9.99,,Lidl,2026-10-09,
,68134.0,197 - София/бул. Васил Левски 152,Кроасан с череша макс,24621.0,67.0,0.5,,Lidl,2026-10-09,
,68134.0,197 - София/бул. Васил Левски 152,Кроасан с кренвирш,97504.0,67.0,0.92,,Lidl,2026-10-09,
,68134.0,197 - София/бул. Васил Левски 152,Чесън на кг,82705.0,59.0,5.31,5.11,Lidl,2026-10-09,
,68134.0,197 - София/бул. Васил Левски 152,"Narine Ацидофилно мляко 3,2%",7203347.0,7.0,0.76,,Lidl,2026-10-09,
,68134.0,197 - София/бул. Васил Левски 152,Winston Цигари Blue 100,7209310.0,78.0,3.6,,Lidl,2026-10-09,
,68134.0,197 - София/бул. Васил Левски 152,Скумрия цяла с глава Scomber Scombr,7200591.0,29.0,5.99,,Lidl,2026-10-09,
,68134.0,197 - София/бул. Васил Левски 152,"Hipp Био млечна каша грис,банани,",7204477.0,63.0,2.04,,Lidl,2026-10-09,
,68134.0,197 - София/бул. Васил Левски 152,Rosso Кафе на зърна,175043.0,71.0,12.99,,Lidl,2026-10-09,
,68134.0,197 - София/бул. Васил Левски 152,Rothmans Цигари 100's Dark Blue 103,7209702.0,78.0,3.7,,Lidl,2026-10-09,
,68134.0,197 - София/бул. Васил Левски 152,Крем-сапун сортиран СК4 ,25359.0,83.0,0.64,,Lidl,2026-10-09,
,68134.0,197 - София/бул. Васил Левски 152,"Сапун плодови аромати SK2, 90g-PK",5568852.0,83.0,0.42,,Lidl,2026-10-09,
,68134.0,197 - София/бул. Васил Левски 152,Intenso Мляно кафе RFA,178758.0,70.0,3.06,2.35,Lidl,2026-10-09,
,68134.0,197 - София/бул. Васил Левски 152,Паста за зъби,182827.0,81.0,1.02,,Lidl,2026-10-09,
,68134.0,197 - София/бул. Васил Левски 152,Странджански дядо,7202396.0,28.0,3.57,,Lidl,2026-10-09,
,68134.0,197 - София/бул. Васил Левски 152,Луканков салам,11521.0,28.0,6.89,,Lidl,2026-10-09,
,68134.0,197 - София/бул. Васил Левски 152,"Terter Кисело мляко краве 2,9%",7208993.0,7.0,0.46,,Lidl,2026-10-09,
,68134.0,197 - София/бул. Васил Левски 152,"Био Пюре карт,зеленч,кайма без сол ",193597.0,64.0,1.53,,Lidl,2026-10-09,
,68134.0,197 - София/бул. Васил Левски 152,Bochko Бебешки влажни кърпи с капак,7207661.0,84.0,1.78,,Lidl,2026-10-09,
,68134.0,197 - София/бул. Васил Левски 152,"Пресни яйца,М, от подово отглеждани",7209004.0,31.0,2.49,,Lidl,2026-10-09,
,68134.0,197 - София/бул. Васил Левски 152,Krina Бял боб гигант (ОНТ 400g),7208921.0,46.0,1.29,,Lidl,2026-10-09,
,68134.0,197 - София/бул. Васил Левски 152,"Свинска плешка без кост, цяло парче",7204748.0,18.0,3.25,,Lidl,2026-10-09,
,68134.0,197 - София/бул. Васил Левски 152,"Dove сапун, сорт.",2698.0,83.0,1.07,,Lidl,2026-10-09,
,68134.0,197 - София/бул. Васил Левски 152,"Vereya Кисело краве мляко 2,9%",7201318.0,7.0,0.89,,Lidl,2026-10-09,
,68134.0,197 - София/бул. Васил Левски 152,"Edoardo Miroglio Совиньон Блан, BG",7201701.0,75.0,9.71,,Lidl,2026-10-09,
,68134.0,197 - София/бул. Васил Левски 152,"Тоалетна хартия 8бр,аромат.праскова",6800975.0,85.0,3.06,,Lidl,2026-10-09,
,68134.0,197 - София/бул. Васил Левски 152,"Simid хляб ""Енергия""",7204212.0,3.0,1.32,,Lidl,2026-10-09,
,68134.0,197 - София/бул. Васил Левски 152,Паста за зъби функции СК2,182828.0,81.0,0.76,,Lidl,2026-10-09,
,68134.0,197 - София/бул. Васил Левски 152,Gimoka кафе гран густо,2075.0,70.0,2.55,,Lidl,2026-10-09,
,68134.0,197 - София/бул. Васил Левски 152,Паста във форма на букви,90057.0,36.0,0.99,,Lidl,2026-10-09,
,68134.0,197 - София/бул. Васил Левски 152,Costa SM Кафе на зърна,7204414.0,71.0,18.99,,Lidl,2026-10-09,
,68134.0,197 - София/бул. Васил Левски 152,Primo Gusto Пълнозърнести фусили,7209637.0,36.0,1.17,,Lidl,2026-10-09,
,68134.0,197 - София/бул. Васил Левски 152,Домати на кг,82480.0,54.0,1.89,,Lidl,2026-10-09,
,68134.0,197 - София/бул. Васил Левски 152,"Kaba Gayda Мерло&Каб.Сов.&Руб., BG",7201613.0,76.0,3.06,,Lidl,2026-10-09,
,68134.0,197 - София/бул. Васил Левски 152,Доматено пюре Рустика,28931.0,48.0,1.53,,Lidl,2026-10-09,
,68134.0,197 - София/бул. Васил Левски 152,Rothmans Цигари S-Series Purple 102,7206183.0,78.0,3.53,,Lidl,2026-10-09,
,68134.0,197 - София/бул. Васил Левски 152,Варена шунка от свински бут 75%месо,6715552.0,27.0,2.65,,Lidl,2026-10-09,
,68134.0,197 - София/бул. Васил Левски 152,Прясно цяло пиле XXL с 2 бутчета,7203334.0,15.0,2.49,,Lidl,2026-10-09,
,68134.0,197 - София/бул. Васил Левски 152,Бял боб голям консерва (ОНТ 240g),28941.0,46.0,0.84,,Lidl,2026-10-09,
,68134.0,197 - София/бул. Васил Левски 152,Прясно пуешко филе без кост и кожа,5510338.0,16.0,8.99,,Lidl,2026-10-09,
,68134.0,197 - София/бул. Васил Левски 152,Sayana Kисело мляко 2%,7208801.0,7.0,0.49,,Lidl,2026-10-09,
,68134.0,197 - София/бул. Васил Левски 152,Четка за зъби XXL SK1,229483.0,80.0,1.89,,Lidl,2026-10-09,
,68134.0,197 - София/бул. Васил Левски 152,Свинска плешка,132525.0,18.0,2.75,,Lidl,2026-10-09,
,68134.0,197 - София/бул. Васил Левски 152,"Шунка на парче, ок. 400-650 г",43157.0,27.0,10.22,,Lidl,2026-10-09,
,68134.0,197 - София/бул. Васил Левски 152,Био Каша Лека нощ с бисквити,131983.0,63.0,1.0,,Lidl,2026-10-09,
,68134.0,197 - София/бул. Васил Левски 152,Bulgarche Кашкавал от краве мляко,7206867.0,11.0,3.06,,Lidl,2026-10-09,
,68134.0,197 - София/бул. Васил Левски 152,Кашкавал,69886.0,11.0,7.66,,Lidl,2026-10-09,
,68134.0,197 - София/бул. Васил Левски 152,Паста Тротоле Трикольоре,39011.0,36.0,1.59,,Lidl,2026-10-09,
,68134.0,197 - София/бул. Васил Левски 152,"Bourgasko Бира 4,2% алк,Plato10°",7205182.0,74.0,1.68,,Lidl,2026-10-09,
,68134.0,197 - София/бул. Васил Левски 152,"Червено вино Мелник 55, BG",7201610.0,76.0,6.64,,Lidl,2026-10-09,
,68134.0,197 - София/бул. Васил Левски 152,Familia Фини точени кори,7208006.0,5.0,2.19,,Lidl,2026-10-09,
,68134.0,197 - София/бул. Васил Левски 152,Barilla Спагети 500 гр.,3178.0,37.0,1.84,,Lidl,2026-10-09,
,68134.0,197 - София/бул. Васил Левски 152,Tea Moments Детски чай,7208563.0,72.0,1.02,,Lidl,2026-10-09,
,68134.0,197 - София/бул. Васил Левски 152,Lavazza Crema e Gusto Кафе на зърна,7203772.0,71.0,29.65,,Lidl,2026-10-09,
,68134.0,197 - София/бул. Васил Левски 152,Hipp 3 Комбиотик Мляко,7204459.0,65.0,10.22,,Lidl,2026-10-09,
,68134.0,197 - София/бул. Васил Левски 152,Lurpak Датско масло без сол 200 гр.,7208711.0,12.0,2.96,,Lidl,2026-10-09,
,68134.0,197 - София/бул. Васил Левски 152,Мортадела,5513434.0,27.0,1.88,,Lidl,2026-10-09,
,68134.0,197 - София/бул. Васил Левски 152,Лимони на кг,80160.0,50.0,3.19,1.99,Lidl,2026-10-09,
,68134.0,197 - София/бул. Васил Левски 152,Зелени ябълки сладки на кг,81295.0,53.0,2.04,1.73,Lidl,2026-10-09,
,68134.0,197 - София/бул. Васил Левски 152,ColgateПаста за зъби MaxWhite Optic,7202852.0,81.0,1.94,,Lidl,2026-10-09,
,68134.0,197 - София/бул. Васил Левски 152,Саяна кашкавал от краве мляко БДС,7204360.0,11.0,5.11,,Lidl,2026-10-09,
,68134.0,197 - София/бул. Васил Левски 152,Прясно пилешко бутче XXL,6810552.0,17.0,1.69,,Lidl,2026-10-09,
,68134.0,197 - София/бул. Васил Левски 152,Сал.сирене от кр.мляко с пов.вод.съ,2469.0,9.0,3.57,,Lidl,2026-10-09,
,68134.0,197 - София/бул. Васил Левски 152,Boni Шпек сандвич,7204575.0,28.0,4.49,,Lidl,2026-10-09,
,68134.0,197 - София/бул. Васил Левски 152,MelittaКафе на зърна CaféBar Select,1003759.0,71.0,17.38,,Lidl,2026-10-09,
,68134.0,197 - София/бул. Васил Левски 152,Био пюре с макарони и зеленчуци ,138005.0,64.0,1.41,,Lidl,2026-10-09,
,68134.0,197 - София/бул. Васил Левски 152,ROSO Прясно пилешко филе,7208191.0,16.0,11.57,,Lidl,2026-10-09,
,68134.0,197 - София/бул. Васил Левски 152,Кроасан с вкус на ванилия и карамел,172241.0,67.0,0.71,,Lidl,2026-10-09,
,68134.0,197 - София/бул. Васил Левски 152,Прясно мляко 3%,7202516.0,6.0,1.43,,Lidl,2026-10-09,
,68134.0,197 - София/бул. Васил Левски 152,"Кисело мляко 3,6% ЗНП",7201700.0,7.0,0.74,0.59,Lidl,2026-10-09,
,68134.0,197 - София/бул. Васил Левски 152,Кварк 40% SK1,189151.0,14.0,1.69,,Lidl,2026-10-09,
,68134.0,197 - София/бул. Васил Левски 152,КЕН Шунка от бут,7210122.0,27.0,3.49,,Lidl,2026-10-09,
,68134.0,197 - София/бул. Васил Левски 152,Био плодова пълнозърнеста каша,131986.0,63.0,1.0,,Lidl,2026-10-09,
,68134.0,197 - София/бул. Васил Левски 152,Варена свинска шунка 70%,1980.0,27.0,5.62,,Lidl,2026-10-09,
,68134.0,197 - София/бул. Васил Левски 152,"Кисело краве мляко 3,6% XXL",7201354.0,7.0,0.86,,Lidl,2026-10-09,
,68134.0,197 - София/бул. Васил Левски 152,Домати на клонка на кг,82465.0,54.0,2.69,,Lidl,2026-10-09,
,68134.0,197 - София/бул. Васил Левски 152,"Quantum Пино Ноар и Мерло, BG",1900.0,76.0,5.82,,Lidl,2026-10-09,
,68134.0,197 - София/бул. Васил Левски 152,Пушен кашкавал,141090.0,11.0,7.66,,Lidl,2026-10-09,
,68134.0,197 - София/бул. Васил Левски 152,Мляно кафе еспресо Италиано 250 g,224606.0,70.0,4.08,,Lidl,2026-10-09,
,68134.0,197 - София/бул. Васил Левски 152,Lavazza Qualita Rossa Мляно кафе,7201979.0,70.0,8.02,,Lidl,2026-10-09,
,68134.0,197 - София/бул. Васил Левски 152,Био Пасирани домати,150221.0,48.0,1.59,,Lidl,2026-10-09,
,68134.0,197 - София/бул. Васил Левски 152,Zhivena ПЗ хляб 100 % лимец,7204637.0,3.0,2.19,,Lidl,2026-10-09,
,68134.0,197 - София/бул. Васил Левски 152,Кашкавал от краве мляко,1851.0,11.0,8.18,,Lidl,2026-10-09,
,68134.0,197 - София/бул. Васил Левски 152,Чай липов/шипков СК5,5502561.0,72.0,0.66,,Lidl,2026-10-09,
,68134.0,197 - София/бул. Васил Левски 152,Polinna Kaшкавал от краве мляко,7209108.0,11.0,5.11,,Lidl,2026-10-09,
,68134.0,197 - София/бул. Васил Левски 152,Краве масло 82% масленост,1677.0,12.0,1.39,,Lidl,2026-10-09,
,68134.0,197 - София/бул. Васил Левски 152,Чай шипка,5502552.0,72.0,0.66,,Lidl,2026-10-09,
,68134.0,197 - София/бул. Васил Левски 152,President Сирене кр.мляко саламура,7209147.0,9.0,12.27,,Lidl,2026-10-09,
,68134.0,197 - София/бул. Васил Левски 152,Баница със сирене и спанак,7204786.0,68.0,0.89,,Lidl,2026-10-09,
,68134.0,197 - София/бул. Васил Левски 152,7Days Double ванил.-вишна ,3377.0,67.0,0.81,,Lidl,2026-10-09,
,68134.0,197 - София/бул. Васил Левски 152,Цяло пиле,6801854.0,15.0,5.11,,Lidl,2026-10-09,
,68134.0,197 - София/бул. Васил Левски 152,Тостерен хляб Пълнозърнест,1450.0,3.0,0.76,,Lidl,2026-10-09,
,68134.0,197 - София/бул. Васил Левски 152,Скумрия цяла с глава,7209272.0,29.0,4.6,,Lidl,2026-10-09,
,68134.0,197 - София/бул. Васил Левски 152,"Тоалетна хартия 100% целулоза, 2 пл",6800057.0,85.0,2.45,,Lidl,2026-10-09,
,68134.0,197 - София/бул. Васил Левски 152,"Био каша ябълка,банан и сухар",131985.0,63.0,1.0,,Lidl,2026-10-09,
,68134.0,197 - София/бул. Васил Левски 152,Белени домати 5 Brix (OHT 240 г),29247.0,48.0,0.86,,Lidl,2026-10-09,
,68134.0,197 - София/бул. Васил Левски 152,Луканков салам Средна гора нарязан,7207773.0,28.0,5.62,,Lidl,2026-10-09,
,68134.0,197 - София/бул. Васил Левски 152,"Argus Светла бира 4,4%. 9,8°P",7208928.0,74.0,1.15,0.95,Lidl,2026-10-09,
,68134.0,197 - София/бул. Васил Левски 152,Nova Brasilia мляно кафе eспресо,211862.0,70.0,2.39,,Lidl,2026-10-09,
,68134.0,197 - София/бул. Васил Левски 152,"Quantum Совиньон блан, BG",7202783.0,75.0,5.82,,Lidl,2026-10-09,
,68134.0,197 - София/бул. Васил Левски 152,Colgate Паста за зъби MW Expert СК3,7209877.0,81.0,3.29,,Lidl,2026-10-09,
,68134.0,197 - София/бул. Васил Левски 152,Боб кидни в чили сос (ОНТ 290g),10404.0,46.0,1.02,,Lidl,2026-10-09,
,68134.0,197 - София/бул. Васил Левски 152,Немско масло,59587.0,12.0,2.49,,Lidl,2026-10-09,
,68134.0,197 - София/бул. Васил Левски 152,Пилешко филе около 2кг,6814401.0,16.0,5.29,,Lidl,2026-10-09,
,68134.0,197 - София/бул. Васил Левски 152,Colgate Четки за зъби UltraSoft 2бр,7209758.0,80.0,4.29,,Lidl,2026-10-09,
,68134.0,197 - София/бул. Васил Левски 152,Deroni Домашна едросмляна лютеница,7203267.0,49.0,2.55,,Lidl,2026-10-09,
,68134.0,197 - София/бул. Васил Левски 152,"Devin Минерална вода 1,5 л",7201073.0,73.0,0.59,,Lidl,2026-10-09,
,68134.0,197 - София/бул. Васил Левски 152,Кроасан с ягодов пълнеж,7208052.0,67.0,0.25,,Lidl,2026-10-09,
,68134.0,197 - София/бул. Васил Левски 152,"Four Firends Шардоне&Совин.блан, BG",7204434.0,75.0,6.13,,Lidl,2026-10-09,
,68134.0,197 - София/бул. Васил Левски 152,Кашкавал от краве мляко,1879.0,11.0,5.11,,Lidl,2026-10-09,
,68134.0,197 - София/бул. Васил Левски 152,Бариста еспресо кафе на зърна,155851.0,71.0,14.29,,Lidl,2026-10-09,
,68134.0,197 - София/бул. Васил Левски 152,Bilcocoop Успокоителен чай,7207566.0,72.0,0.66,,Lidl,2026-10-09,
,68134.0,197 - София/бул. Васил Левски 152,"Охлад. ципура изчистена ок. 0,7 кг",2880.0,30.0,11.59,,Lidl,2026-10-09,
,68134.0,197 - София/бул. Васил Левски 152,Rothmans Цигари Gold 100mm,7203964.0,78.0,3.63,,Lidl,2026-10-09,
,68134.0,197 - София/бул. Васил Левски 152,Краве сирене от собствената ферма,7207367.0,9.0,4.6,,Lidl,2026-10-09,
,68134.0,197 - София/бул. Васил Левски 152,Винен оцет 6%,7202368.0,44.0,1.12,,Lidl,2026-10-09,
,68134.0,197 - София/бул. Васил Левски 152,"Билков чай, 50г",7207550.0,72.0,1.32,,Lidl,2026-10-09,
,68134.0,197 - София/бул. Васил Левски 152,Влажни кърпички,8300317.0,84.0,1.49,,Lidl,2026-10-09,
,68134.0,197 - София/бул. Васил Левски 152,"Familia Тоал.харт,100%цел,3-пластов",7208774.0,85.0,3.47,,Lidl,2026-10-09,
,68134.0,197 - София/бул. Васил Левски 152,Melissa Паста за деца,1000617.0,36.0,1.29,,Lidl,2026-10-09,
,68134.0,197 - София/бул. Васил Левски 152,Кафе на зърна крема,72858.0,71.0,14.82,9.99,Lidl,2026-10-09,
,68134.0,197 - София/бул. Васил Левски 152,Кашкавал от кр.мляко BDS XXL,7207559.0,11.0,6.13,,Lidl,2026-10-09,
,68134.0,197 - София/бул. Васил Левски 152,Каберне Совиньон by the Winemakers,7209782.0,76.0,7.99,,Lidl,2026-10-09,
,68134.0,197 - София/бул. Васил Левски 152,Прясна балканска пъстърва,7209325.0,30.0,9.85,,Lidl,2026-10-09,
,68134.0,197 - София/бул. Васил Левски 152,Mlechen шоколад,3180.0,69.0,1.22,,Lidl,2026-10-09,
,68134.0,197 - София/бул. Васил Левски 152,Червен боб кидни (ОНТ 255 г),32716.0,46.0,0.81,,Lidl,2026-10-09,
,68134.0,197 - София/бул. Васил Левски 152,Colgate Паста за зъби Triple Action,7207224.0,81.0,1.89,,Lidl,2026-10-09,
,68134.0,197 - София/бул. Васил Левски 152,Прясно пилешко филе XXL,7203837.0,16.0,6.64,,Lidl,2026-10-09,
,68134.0,197 - София/бул. Васил Левски 152,Маслени бисквити,5600137.0,66.0,5.35,,Lidl,2026-10-09,
,68134.0,197 - София/бул. Васил Левски 152,Woopies Мокри кърпи 60 бр.,7209777.0,84.0,2.79,,Lidl,2026-10-09,
,68134.0,197 - София/бул. Васил Левски 152,Gorna Bania Минерална вода 4+2,7205305.0,73.0,2.36,,Lidl,2026-10-09,
,68134.0,197 - София/бул. Васил Левски 152,Крем-сапун 2х150g,24736.0,83.0,1.19,,Lidl,2026-10-09,
,68134.0,197 - София/бул. Васил Левски 152,Aquafresh Паста з.зъби LONG LAST.WH,7209167.0,81.0,2.55,,Lidl,2026-10-09,
,68134.0,197 - София/бул. Васил Левски 152,Универс. почиств. кърпи с лавандула,7210323.0,84.0,1.99,,Lidl,2026-10-09,
,68134.0,197 - София/бул. Васил Левски 152,Bingo Унив.мокри кърпи за почистван,7208170.0,84.0,2.55,,Lidl,2026-10-09,
,68134.0,197 - София/бул. Васил Левски 152,Многозърнест кроасан,129611.0,67.0,0.49,,Lidl,2026-10-09,
,68134.0,197 - София/бул. Васил Левски 152,Hipp 2 Био Комбиотик Мляко,7204458.0,65.0,21.47,,Lidl,2026-10-09,
,68134.0,197 - София/бул. Васил Левски 152,"Краве сирене, 600g",7202706.0,9.0,5.11,,Lidl,2026-10-09,
,68134.0,197 - София/бул. Васил Левски 152,Sayana Краве масло 82% масленост,7204986.0,12.0,1.78,,Lidl,2026-10-09,
,68134.0,197 - София/бул. Васил Левски 152,Oro Мляно кафе ,140704.0,70.0,3.99,2.69,Lidl,2026-10-09,
,68134.0,197 - София/бул. Васил Левски 152,"Кисело мляко 3,6%",7203297.0,7.0,0.66,,Lidl,2026-10-09,
,68134.0,197 - София/бул. Васил Левски 152,Кроасан с шамфастък,6019043.0,67.0,0.71,,Lidl,2026-10-09,
,68134.0,197 - София/бул. Васил Левски 152,Златна жетва Типов хляб нарязан,7209475.0,4.0,0.75,,Lidl,2026-10-09,
,68134.0,197 - София/бул. Васил Левски 152,Шпек Бургас 300г и луканка 250г про,7206495.0,28.0,3.83,,Lidl,2026-10-09,
,68134.0,197 - София/бул. Васил Левски 152,Свинско бонфиле XXL,7205940.0,20.0,6.49,,Lidl,2026-10-09,
,68134.0,197 - София/бул. Васил Левски 152,Madzharov Краве сирене ЗНП,7206940.0,9.0,9.2,,Lidl,2026-10-09,
,68134.0,197 - София/бул. Васил Левски 152,"Gorna Bania Минерална нат.вода 1,5л",1834.0,73.0,0.59,,Lidl,2026-10-09,
,68134.0,197 - София/бул. Васил Левски 152,Доматено пюре с пресен босилек,29251.0,48.0,1.69,1.29,Lidl,2026-10-09,
,68134.0,197 - София/бул. Васил Левски 152,"Крем сапун, 25% крем",5560919.0,83.0,0.79,,Lidl,2026-10-09,
,68134.0,197 - София/бул. Васил Левски 152,Странджански дядо XXL,7201923.0,28.0,7.15,,Lidl,2026-10-09,
,68134.0,197 - София/бул. Васил Левски 152,Пушени свински ребра,6902571.0,27.0,8.69,,Lidl,2026-10-09,
,68134.0,197 - София/бул. Васил Левски 152,Бекон XXL,6704427.0,27.0,4.09,,Lidl,2026-10-09,
,68134.0,197 - София/бул. Васил Левски 152,Шпек Бургас,7210216.0,28.0,4.29,,Lidl,2026-10-09,
,68134.0,197 - София/бул. Васил Левски 152,Hosso Високо олеиново масло 80%,7209429.0,42.0,2.79,,Lidl,2026-10-09,
,68134.0,197 - София/бул. Васил Левски 152,Vereya Краве сирене в саламура,7203254.0,9.0,7.97,,Lidl,2026-10-09,
,68134.0,197 - София/бул. Васил Левски 152,Ежедневен шампоан СК6,31111.0,82.0,1.53,,Lidl,2026-10-09,
,68134.0,197 - София/бул. Васил Левски 152,Пасирани домати,29232.0,48.0,1.12,,Lidl,2026-10-09,
,68134.0,197 - София/бул. Васил Левски 152,"Чай, различни видове SK2",145738.0,72.0,2.04,,Lidl,2026-10-09,
,68134.0,197 - София/бул. Васил Левски 152,Детски четки за зъби 2 броя,1017366.0,80.0,0.99,,Lidl,2026-10-09,
,68134.0,197 - София/бул. Васил Левски 152,Aptamil Адаптирано мляко 1 (0-6м),2999.0,65.0,21.37,,Lidl,2026-10-09,
,68134.0,197 - София/бул. Васил Левски 152,"Кисело краве мляко 3,6% масленост",1792.0,7.0,0.71,,Lidl,2026-10-09,
,68134.0,197 - София/бул. Васил Левски 152,"Извара 9,0%",5500741.0,14.0,1.63,,Lidl,2026-10-09,
,68134.0,197 - София/бул. Васил Левски 152,"Bonduelle Ч.боб,850ml,OHT480g,800g",7206007.0,46.0,1.78,,Lidl,2026-10-09,
,68134.0,197 - София/бул. Васил Левски 152,Пражка шунка XXL   ,6704425.0,27.0,2.75,,Lidl,2026-10-09,
,68134.0,197 - София/бул. Васил Левски 152,Parliament Aqua Blue Цигари,7209896.0,78.0,4.3,,Lidl,2026-10-09,
,68134.0,197 - София/бул. Васил Левски 152,Прясно пилешко бутче XXL,7203836.0,17.0,1.69,,Lidl,2026-10-09,
,68134.0,197 - София/бул. Васил Левски 152,Луканков салам,7203222.0,28.0,2.8,2.29,Lidl,2026-10-09,
,68134.0,197 - София/бул. Васил Левски 152,Borges Extra Virgin Маслин. масло,7208473.0,43.0,9.71,,Lidl,2026-10-09,
,68134.0,197 - София/бул. Васил Левски 152,Трапезна йодирирана сол,1802.0,39.0,0.33,,Lidl,2026-10-09,
,68134.0,197 - София/бул. Васил Левски 152,Мини виенски наденички,96527.0,27.0,3.06,,Lidl,2026-10-09,
,68134.0,197 - София/бул. Васил Левски 152,"Velingrad Минерална вода 6x1,5l",7207473.0,73.0,2.04,,Lidl,2026-10-09,
,68134.0,197 - София/бул. Васил Левски 152,Eko Mes Салам Бургас червен етикет,7204525.0,27.0,3.57,,Lidl,2026-10-09,
,68134.0,197 - София/бул. Васил Левски 152,Бяло пшеничено брашно тип 500,91215.0,40.0,0.64,0.39,Lidl,2026-10-09,
,68134.0,197 - София/бул. Васил Левски 152,Кафе Еспресо Магнифичио на зърна,41782.0,71.0,14.82,11.75,Lidl,2026-10-09,
,68134.0,197 - София/бул. Васил Левски 152,Салам с парченца лешници,5609639.0,28.0,2.49,,Lidl,2026-10-09,
,68134.0,197 - София/бул. Васил Левски 152,"Свинско месо за готвене, ок.750г-ат",7206823.0,22.0,5.87,4.65,Lidl,2026-10-09,
,68134.0,197 - София/бул. Васил Левски 152,Прошуто крайни парчета нарязано XXL,7204973.0,28.0,6.59,,Lidl,2026-10-09,
,68134.0,197 - София/бул. Васил Левски 152,Vergnano Espresso кафе на зърна,7209888.0,71.0,10.99,,Lidl,2026-10-09,
,68134.0,197 - София/бул. Васил Левски 152,Melitta Кафе на зърна Intense,1003761.0,71.0,17.38,,Lidl,2026-10-09,
,68134.0,197 - София/бул. Васил Левски 152,Lacrima Краве сирене екстра 2x350g,7208742.0,9.0,5.39,,Lidl,2026-10-09,
,68134.0,197 - София/бул. Васил Левски 152,Толстолоб котлет,7204649.0,30.0,5.11,,Lidl,2026-10-09,
,68134.0,197 - София/бул. Васил Левски 152,Jacobs Monarch кафе на зърна,199081.0,71.0,17.89,,Lidl,2026-10-09,
,68134.0,197 - София/бул. Васил Левски 152,Детска паста за зъби СК3,132312.0,81.0,0.76,,Lidl,2026-10-09,
,68134.0,197 - София/бул. Васил Левски 152,"Прясно сирене ""Адриатикос""(OHT900g)",9000136.0,9.0,7.66,,Lidl,2026-10-09,
,68134.0,197 - София/бул. Васил Левски 152,Винен оцет 6%,7208573.0,44.0,0.76,,Lidl,2026-10-09,
,68134.0,197 - София/бул. Васил Левски 152,Ориз Басмати дългозърнест 1 kg,223302.0,35.0,3.49,,Lidl,2026-10-09,
,68134.0,197 - София/бул. Васил Левски 152,"Bulgarche Прясно мляко 3,2%масленос",7208068.0,6.0,1.22,,Lidl,2026-10-09,
,68134.0,197 - София/бул. Васил Левски 152,Beliisa Кашкавал от крaве мляко,7203223.0,11.0,3.32,,Lidl,2026-10-09,
,68134.0,197 - София/бул. Васил Левски 152,Фарфале триколоре,45100.0,36.0,1.59,,Lidl,2026-10-09,
,68134.0,197 - София/бул. Васил Левски 152,Камчия и хамбурски колбас в ес.чер,7207717.0,27.0,8.69,,Lidl,2026-10-09,
,68134.0,197 - София/бул. Васил Левски 152,Варено-пушен св. бут 80%,7200499.0,27.0,9.2,,Lidl,2026-10-09,
,68134.0,197 - София/бул. Васил Левски 152,Четки за зъби проф. 3 бр.,1001142.0,80.0,1.89,,Lidl,2026-10-09,
,68134.0,197 - София/бул. Васил Левски 152,Кафе цели зърна,145271.0,71.0,13.8,,Lidl,2026-10-09,
,68134.0,197 - София/бул. Васил Левски 152,"Кисело мляко 3,6%",62441.0,7.0,0.66,,Lidl,2026-10-09,
,68134.0,197 - София/бул. Васил Левски 152,"Villa Armira Шираз, BG",7201615.0,76.0,4.09,,Lidl,2026-10-09,
,68134.0,197 - София/бул. Васил Левски 152,Лаврак,6211934.0,30.0,11.75,,Lidl,2026-10-09,
,68134.0,197 - София/бул. Васил Левски 152,"Филета от херинга, ок. 600g",7209889.0,30.0,4.59,,Lidl,2026-10-09,
,68134.0,197 - София/бул. Васил Левски 152,"Sayana Кисело мляко 3,6% ЗНП",7204532.0,7.0,0.59,,Lidl,2026-10-09,
,68134.0,197 - София/бул. Васил Левски 152,Gradus Шункова наден. от птиче месо,7209383.0,27.0,3.19,,Lidl,2026-10-09,
,68134.0,197 - София/бул. Васил Левски 152,Mlekarkata Краве сирене,7210271.0,9.0,3.49,,Lidl,2026-10-09,
,68134.0,197 - София/бул. Васил Левски 152,"My Day Прясно мляко 3,5%",7202879.0,6.0,1.38,,Lidl,2026-10-09,
,68134.0,197 - София/бул. Васил Левски 152,Vogue Lilac Цигари 97 мм,7203521.0,78.0,3.58,,Lidl,2026-10-09,
,68134.0,197 - София/бул. Васил Левски 152,Ръжен хляб с малц и течна ръж. закв,7202065.0,3.0,0.99,,Lidl,2026-10-09,
,68134.0,197 - София/бул. Васил Левски 152,Пресен кашкавал Гюбек,7204776.0,11.0,6.13,,Lidl,2026-10-09,
,68134.0,197 - София/бул. Васил Левски 152,Sayana Краве сирене,7204358.0,9.0,2.81,,Lidl,2026-10-09,
,68134.0,197 - София/бул. Васил Левски 152,"Билков чай SK1, 30/40г",7207548.0,72.0,0.71,,Lidl,2026-10-09,
,68134.0,197 - София/бул. Васил Левски 152,Био Пюре пуеш.зелен.смет.сос и ориз,196976.0,64.0,1.25,,Lidl,2026-10-09,
,68134.0,197 - София/бул. Васил Левски 152,Gimoka Кафе на зърна Гран Бар,2208.0,71.0,10.73,,Lidl,2026-10-09,
,68134.0,197 - София/бул. Васил Левски 152,La Gloria Чоризо,5704538.0,28.0,4.29,,Lidl,2026-10-09,
,68134.0,197 - София/бул. Васил Левски 152,КЕН Биренки,7210121.0,27.0,7.89,,Lidl,2026-10-09,
,68134.0,197 - София/бул. Васил Левски 152,Леберкез SK13,149374.0,27.0,3.45,,Lidl,2026-10-09,
,68134.0,197 - София/бул. Васил Левски 152,Krina Червен боб (ОНТ 400),7208919.0,46.0,1.84,,Lidl,2026-10-09,
,68134.0,197 - София/бул. Васил Левски 152,"Пушено свинско филе, ок. 600-750г",18951.0,27.0,12.27,,Lidl,2026-10-09,
,68134.0,197 - София/бул. Васил Левски 152,"Diamant бяла захар, 1kg",161733.0,38.0,0.58,,Lidl,2026-10-09,
,68134.0,197 - София/бул. Васил Левски 152,Спагети Триколоре,22109.0,37.0,1.49,,Lidl,2026-10-09,
,68134.0,197 - София/бул. Васил Левски 152,"Промопакет Панагюрска луканка,филe",7205956.0,28.0,5.62,,Lidl,2026-10-09,
,68134.0,197 - София/бул. Васил Левски 152,Златна жетва Бял хляб нарязан,7209474.0,1.0,0.85,,Lidl,2026-10-09,
,68134.0,197 - София/бул. Васил Левски 152,Burgaska Мускатова ракия 40%,1339.0,77.0,10.38,,Lidl,2026-10-09,
,68134.0,197 - София/бул. Васил Левски 152,Шампоан Nature's Beauty SK1,1008851.0,82.0,2.39,,Lidl,2026-10-09,
,68134.0,197 - София/бул. Васил Левски 152,Кисело мляко 2%,62438.0,7.0,0.61,,Lidl,2026-10-09,
,68134.0,197 - София/бул. Васил Левски 152,Пресен пилешки обезкостен бут,6804351.0,17.0,5.77,,Lidl,2026-10-09,
,68134.0,197 - София/бул. Васил Левски 152,Банани на кг,80000.0,52.0,1.89,1.69,Lidl,2026-10-09,
,68134.0,197 - София/бул. Васил Левски 152,Colgate Паста за зъби Ultra Active,7209369.0,81.0,5.39,,Lidl,2026-10-09,
,68134.0,197 - София/бул. Васил Левски 152,Paradontax Паста за зъби 2х75 мл,7208714.0,81.0,3.49,,Lidl,2026-10-09,
,68134.0,197 - София/бул. Васил Левски 152,Болярска кашкавалка,7207941.0,68.0,0.92,,Lidl,2026-10-09,
,68134.0,197 - София/бул. Васил Левски 152,"Aquafresh Minty 125мл, СК 3",3059.0,81.0,2.14,,Lidl,2026-10-09,
,68134.0,197 - София/бул. Васил Левски 152,"Orehite Промоп.См.луканка,шп.салам",7207637.0,28.0,5.99,,Lidl,2026-10-09,
,68134.0,197 - София/бул. Васил Левски 152,"Охл. пъстърва, изчистена, ок.0,7 кг",2323.0,30.0,7.89,,Lidl,2026-10-09,
,68134.0,197 - София/бул. Васил Левски 152,Говежди колбас в естествено черво,7204669.0,27.0,8.69,,Lidl,2026-10-09,
,68134.0,197 - София/бул. Васил Левски 152,Rothmans Цигари Gold 84mm,7203962.0,78.0,3.63,,Lidl,2026-10-09,
,68134.0,197 - София/бул. Васил Левски 152,Влажни кърпички 72бр,8300318.0,84.0,0.79,,Lidl,2026-10-09,
,68134.0,197 - София/бул. Васил Левски 152,Български кашк. от краве мляко БДС,7205601.0,11.0,10.22,,Lidl,2026-10-09,
,68134.0,197 - София/бул. Васил Левски 152,7Days Double какао-ванилия,3375.0,67.0,0.81,,Lidl,2026-10-09,
,68134.0,197 - София/бул. Васил Левски 152,Primo Gusto Пълнозър. пене ригате,7209636.0,36.0,1.17,,Lidl,2026-10-09,
,68134.0,197 - София/бул. Васил Левски 152,"Смядовска луканка, нарязана",7207464.0,28.0,5.36,,Lidl,2026-10-09,
,68134.0,197 - София/бул. Васил Левски 152,Costa Signature Dark Кафе на зърна,7204413.0,71.0,18.99,,Lidl,2026-10-09,
,68134.0,197 - София/бул. Васил Левски 152,Trendy Влажни кърпички,7204363.0,84.0,0.24,,Lidl,2026-10-09,
,68134.0,197 - София/бул. Васил Левски 152,"Ловджийска луканка, нарязана XXL",7208728.0,28.0,3.32,,Lidl,2026-10-09,
,68134.0,197 - София/бул. Васил Левски 152,IZZI Захар,7209524.0,38.0,0.6,,Lidl,2026-10-09,
,68134.0,197 - София/бул. Васил Левски 152,Права баница със сирене,7208973.0,68.0,1.38,,Lidl,2026-10-09,
,68134.0,197 - София/бул. Васил Левски 152,Билков чай Утрин,7209547.0,72.0,0.71,,Lidl,2026-10-09,
,68134.0,197 - София/бул. Васил Левски 152,Gradus Прясно пиле без вътрешности,7201558.0,15.0,2.99,,Lidl,2026-10-09,
,68134.0,197 - София/бул. Васил Левски 152,"Мурсалски чай, 25г",7207549.0,72.0,1.48,,Lidl,2026-10-09,
,68134.0,197 - София/бул. Васил Левски 152,Кроасан с двоен крем какао/ванилия,133816.0,67.0,0.5,,Lidl,2026-10-09,
,68134.0,197 - София/бул. Васил Левски 152,Гръцко краве сирене,6201101.0,9.0,7.66,,Lidl,2026-10-09,
,68134.0,197 - София/бул. Васил Левски 152,Slavyantsi Сунгурларска грозд.ракия,7202878.0,77.0,9.72,,Lidl,2026-10-09,
,68134.0,197 - София/бул. Васил Левски 152,Minerva Маслиново масло Помаче,7201844.0,43.0,3.57,,Lidl,2026-10-09,
,68134.0,197 - София/бул. Васил Левски 152,Vereya Прясно мляко 3%,7201323.0,6.0,1.73,,Lidl,2026-10-09,
,68134.0,197 - София/бул. Васил Левски 152,Сирене в саламура,22725.0,9.0,10.22,,Lidl,2026-10-09,
,68134.0,197 - София/бул. Васил Левски 152,Кабаноси CK1,5519613.0,28.0,4.09,,Lidl,2026-10-09,
,68134.0,197 - София/бул. Васил Левски 152,Balcho Шарлан,7207375.0,42.0,4.34,,Lidl,2026-10-09,
,68134.0,197 - София/бул. Васил Левски 152,Провансалски сапун SK10,5603194.0,83.0,0.89,,Lidl,2026-10-09,
,68134.0,197 - София/бул. Васил Левски 152,Бирени пръчици XXL,7202997.0,28.0,5.11,,Lidl,2026-10-09,
,68134.0,197 - София/бул. Васил Левски 152,Ябълков оцет 5%,7201922.0,45.0,1.22,,Lidl,2026-10-09,
,68134.0,197 - София/бул. Васил Левски 152,Печен боб в доматен сос,38980.0,46.0,0.71,,Lidl,2026-10-09,
,68134.0,197 - София/бул. Васил Левски 152,Железница Кашкавал от краве мляко,7207176.0,11.0,9.71,,Lidl,2026-10-09,
,68134.0,197 - София/бул. Васил Левски 152,7Days Max лешник ,3379.0,67.0,0.81,,Lidl,2026-10-09,
,68134.0,197 - София/бул. Васил Левски 152,Кафе мляно SK1,153488.0,70.0,2.19,,Lidl,2026-10-09,
,68134.0,197 - София/бул. Васил Левски 152,Бриош кроасан с шоколад,230002.0,67.0,0.99,,Lidl,2026-10-09,
,68134.0,197 - София/бул. Васил Левски 152,Филе Елена нарязано двойно количест,7207471.0,28.0,3.83,,Lidl,2026-10-09,
,68134.0,197 - София/бул. Васил Левски 152,Свински врат,132527.0,21.0,3.59,,Lidl,2026-10-09,
,68134.0,197 - София/бул. Васил Левски 152,Кафе на зърна голд,150472.0,71.0,15.33,,Lidl,2026-10-09,
,68134.0,197 - София/бул. Васил Левски 152,Меко сирене ,27034.0,9.0,1.59,,Lidl,2026-10-09,
,68134.0,197 - София/бул. Васил Левски 152,Aroma Fresh Сапун алое,7207995.0,83.0,0.4,,Lidl,2026-10-09,
,68134.0,197 - София/бул. Васил Левски 152,Bochko Бебешки влажни кърпи с капак,7207887.0,84.0,1.02,,Lidl,2026-10-09,
,68134.0,197 - София/бул. Васил Левски 152,"Совиньон Блан, BG",7207714.0,75.0,5.62,,Lidl,2026-10-09,
,68134.0,197 - София/бул. Васил Левски 152,"Gorna Bania Минерална вода 1,5л",7207595.0,73.0,0.35,,Lidl,2026-10-09,
,68134.0,197 - София/бул. Васил Левски 152,Свинско филе,132526.0,20.0,3.47,,Lidl,2026-10-09,
,68134.0,197 - София/бул. Васил Левски 152,Кашкавал ,2287.0,11.0,2.14,,Lidl,2026-10-09,
,68134.0,197 - София/бул. Васил Левски 152,Illy Intenso мляно кафе,7209852.0,70.0,8.19,,Lidl,2026-10-09,
,68134.0,197 - София/бул. Васил Левски 152,Sensodyne Паста з.зъби CLIN.WHITE ,7209165.0,81.0,7.15,,Lidl,2026-10-09,
,68134.0,197 - София/бул. Васил Левски 152,Мляно кафе SK3,150278.0,70.0,4.6,,Lidl,2026-10-09,
,68134.0,197 - София/бул. Васил Левски 152,Млечен зелен грах (ОНТ 450g),7207729.0,47.0,1.32,0.99,Lidl,2026-10-09,
,68134.0,197 - София/бул. Васил Левски 152,Шпек Бургас промопакет 1+1 гратис,7205616.0,28.0,3.32,,Lidl,2026-10-09,
,68134.0,197 - София/бул. Васил Левски 152,Sensodyne Comp.protect.паст.за зъби,7204612.0,81.0,4.42,,Lidl,2026-10-09,
,68134.0,197 - София/бул. Васил Левски 152,"Hipp пюре риз. брок. заешко, 8м",7204483.0,64.0,2.45,,Lidl,2026-10-09,
,68134.0,197 - София/бул. Васил Левски 152,"Ябълки, розови Пинк Лейди на кг",80210.0,53.0,2.79,,Lidl,2026-10-09,
,68134.0,197 - София/бул. Васил Левски 152,Краве сирене от собствената ферма,7207368.0,9.0,4.85,,Lidl,2026-10-09,
,68134.0,197 - София/бул. Васил Левски 152,Кафе на зърна крема класико,178741.0,71.0,13.8,,Lidl,2026-10-09,
,68134.0,197 - София/бул. Васил Левски 152,Шампоан ES 500 ml СК 1,1008897.0,82.0,1.49,,Lidl,2026-10-09,
,68134.0,197 - София/бул. Васил Левски 152,"Кисело мляко 3,6% XXL",7203169.0,7.0,0.66,,Lidl,2026-10-09,
,68134.0,197 - София/бул. Васил Левски 152,"Pampers Мокри кърпи,Sensitive",1017916.0,84.0,3.39,,Lidl,2026-10-09,
,68134.0,197 - София/бул. Васил Левски 152,Vogue Цигари Yellow Unique 97 мм,7209699.0,78.0,3.8,,Lidl,2026-10-09,
,68134.0,197 - София/бул. Васил Левски 152,Точени кори одрински,7207605.0,5.0,1.89,,Lidl,2026-10-09,
,68134.0,197 - София/бул. Васил Левски 152,Универсални мокри кърпи за почиств.,7210168.0,84.0,2.55,,Lidl,2026-10-09,
,68134.0,197 - София/бул. Васил Левски 152,Тутманик,7208974.0,68.0,1.37,,Lidl,2026-10-09,
,68134.0,197 - София/бул. Васил Левски 152,Woopies Бебешки влажни кърпи 10 бр,7209776.0,84.0,0.89,,Lidl,2026-10-09,
,68134.0,197 - София/бул. Васил Левски 152,Краставици на кг,82230.0,58.0,2.19,1.35,Lidl,2026-10-09,
,68134.0,197 - София/бул. Васил Левски 152,Българско бяло салам.сирене ЗНП 1+1,7208775.0,9.0,4.6,,Lidl,2026-10-09,
,68134.0,197 - София/бул. Васил Левски 152,"Био пюре с пуешко, картофи и зелен",138008.0,64.0,1.25,,Lidl,2026-10-09,
,68134.0,197 - София/бул. Васил Левски 152,Colgate паста за зъби MaxWhite Cha,7204047.0,81.0,2.39,,Lidl,2026-10-09,
,68134.0,197 - София/бул. Васил Левски 152,Vergnano Granaroma кафе на зърна,7209887.0,71.0,19.39,,Lidl,2026-10-09,
,68134.0,197 - София/бул. Васил Левски 152,Colgate Четка за зъби Slim Soft 3бр,7208823.0,80.0,4.12,,Lidl,2026-10-09,
,68134.0,197 - София/бул. Васил Левски 152,Млечен шоколад,5574065.0,69.0,1.02,,Lidl,2026-10-09,
,68134.0,197 - София/бул. Васил Левски 152,"Hipp Меню морк,карт и сьомга 4+м",7204478.0,64.0,1.89,,Lidl,2026-10-09,
,68134.0,197 - София/бул. Васил Левски 152,"Шунка XXL, нарязана",113512.0,27.0,3.79,,Lidl,2026-10-09,
,68134.0,197 - София/бул. Васил Левски 152,Perelik Промопак.луканка и сушеница,7205929.0,28.0,4.99,,Lidl,2026-10-09,
,68134.0,197 - София/бул. Васил Левски 152,Бял хляб нарязан,1551.0,1.0,0.76,,Lidl,2026-10-09,
,68134.0,197 - София/бул. Васил Левски 152,Бял боб ,1241.0,33.0,2.14,,Lidl,2026-10-09,
,68134.0,197 - София/бул. Васил Левски 152,Старопланински гюбек XXL,7205454.0,11.0,9.2,,Lidl,2026-10-09,
,68134.0,197 - София/бул. Васил Левски 152,Занаятчийски Многозърнест хляб,7209476.0,3.0,1.29,,Lidl,2026-10-09,
,68134.0,197 - София/бул. Васил Левски 152,Кроасан с какаов крем,7207662.0,67.0,0.25,,Lidl,2026-10-09,
,68134.0,197 - София/бул. Васил Левски 152,Vereya Краве масло 82% масленост,7203253.0,12.0,2.29,,Lidl,2026-10-09,
,68134.0,197 - София/бул. Васил Левски 152,"Hipp Био мл. каша с бискв. яб.,4мес",7204476.0,63.0,2.04,,Lidl,2026-10-09,
,68134.0,197 - София/бул. Васил Левски 152,"Извара 4,2% ",2564.0,14.0,1.53,,Lidl,2026-10-09,
,68134.0,197 - София/бул. Васил Левски 152,"ROSO Прясно пил. бутче, ок. 0,65 кг",7200469.0,17.0,5.92,,Lidl,2026-10-09,
,68134.0,197 - София/бул. Васил Левски 152,Бирен салам ,7700385.0,27.0,3.83,,Lidl,2026-10-09,
,68134.0,197 - София/бул. Васил Левски 152,Краве кашкавал,74135.0,11.0,4.09,,Lidl,2026-10-09,
,68134.0,197 - София/бул. Васил Левски 152,Краве сирене Дунавия,7206868.0,9.0,4.09,3.39,Lidl,2026-10-09,
,68134.0,197 - София/бул. Васил Левски 152,Макарони ал ферето,6000313.0,36.0,1.78,,Lidl,2026-10-09,
,68134.0,197 - София/бул. Васил Левски 152,Кафе еспресо бар,35047.0,70.0,3.49,2.29,Lidl,2026-10-09,
,68134.0,197 - София/бул. Васил Левски 152,Обикновени бисквити Мария,5708119.0,66.0,2.3,,Lidl,2026-10-09,
,68134.0,197 - София/бул. Васил Левски 152,Кисело краве мляко 2% XXL,7201353.0,7.0,0.81,0.59,Lidl,2026-10-09,
,68134.0,197 - София/бул. Васил Левски 152,Триъгълна баница със сирене,7208978.0,68.0,0.89,,Lidl,2026-10-09,
,68134.0,197 - София/бул. Васил Левски 152,Шпеков салам нарязан,7208677.0,28.0,3.57,,Lidl,2026-10-09,
,68134.0,197 - София/бул. Васил Левски 152,Зелен фасул OHT 350g,7203051.0,46.0,1.32,1.09,Lidl,2026-10-09,
,68134.0,197 - София/бул. Васил Левски 152,Лаврак ,1000653.0,30.0,9.29,,Lidl,2026-10-09,
,68134.0,197 - София/бул. Васил Левски 152,Шоколад с пълнеж SK6,5574016.0,69.0,1.02,,Lidl,2026-10-09,
,68134.0,197 - София/бул. Васил Левски 152,LB Bulgaricum Краве кис. мляко 2%,7208637.0,7.0,0.69,,Lidl,2026-10-09,
,68134.0,197 - София/бул. Васил Левски 152,Colgate Четка за зъби Total White-ч,7209757.0,80.0,3.29,,Lidl,2026-10-09,
,68134.0,197 - София/бул. Васил Левски 152,Ориз среднозърнест 5% начупеност,1946.0,35.0,1.66,,Lidl,2026-10-09,
,68134.0,197 - София/бул. Васил Левски 152,Мариновано сирене,170443.0,9.0,3.47,,Lidl,2026-10-09,
,68134.0,197 - София/бул. Васил Левски 152,Био пюре с шунка и зеленчуци без со,138007.0,64.0,1.25,,Lidl,2026-10-09,
,68134.0,197 - София/бул. Васил Левски 152,Agiva Homey Универсални мокри кърпи,7209027.0,84.0,2.45,,Lidl,2026-10-09,
,68134.0,197 - София/бул. Васил Левски 152,"Луканков салам кр. парчета, ок.500g",7205396.0,28.0,5.05,,Lidl,2026-10-09,
,68134.0,197 - София/бул. Васил Левски 152,Сал.сирене от кр.мляко с пов.вод.съ,7209600.0,9.0,7.69,,Lidl,2026-10-09,
,68134.0,197 - София/бул. Васил Левски 152,Sensodyne Pr.Junior Паста за зъби,7210325.0,81.0,5.15,,Lidl,2026-10-09,
,68134.0,197 - София/бул. Васил Левски 152,"Colgate Четка за зъби, Max White 2",7208097.0,80.0,2.04,,Lidl,2026-10-09,
,68134.0,197 - София/бул. Васил Левски 152,Dunhill Цигари Essence Champagne ,7205108.0,78.0,3.73,,Lidl,2026-10-09,
,68134.0,197 - София/бул. Васил Левски 152,Bingo Унив.мокри кърпи-лимон,7208171.0,84.0,2.55,,Lidl,2026-10-09,
,68134.0,197 - София/бул. Васил Левски 152,Прясно пилешко филе мариновано SK1,7207869.0,16.0,6.13,,Lidl,2026-10-09,
,68134.0,197 - София/бул. Васил Левски 152,Terter Кашкавал от краве мляко,7210273.0,11.0,5.49,,Lidl,2026-10-09,
,68134.0,197 - София/бул. Васил Левски 152,Лютеница фино смляна,1292.0,49.0,2.55,,Lidl,2026-10-09,
,68134.0,197 - София/бул. Васил Левски 152,Слънчогледово масло 1 л,7209172.0,42.0,1.78,,Lidl,2026-10-09,
,68134.0,197 - София/бул. Васил Левски 152,"Био Каша ""Лека нощ"" с грис",196261.0,63.0,1.0,,Lidl,2026-10-09,
,68134.0,197 - София/бул. Васил Левски 152,Хляб Добруджа,7207582.0,2.0,0.76,,Lidl,2026-10-09,
,68134.0,197 - София/бул. Васил Левски 152,Краве сирене в саламура XXL,7200397.0,9.0,6.33,,Lidl,2026-10-09,
,68134.0,197 - София/бул. Васил Левски 152,Пром.пак.Филе Елена и Смядов.лук.,7209232.0,28.0,3.49,,Lidl,2026-10-09,
,68134.0,197 - София/бул. Васил Левски 152,Мини виенски наденички SK1,96538.0,27.0,3.06,,Lidl,2026-10-09,
,68134.0,197 - София/бул. Васил Левски 152,Млечен шоколад с дражета,5575218.0,69.0,0.99,,Lidl,2026-10-09,
,68134.0,197 - София/бул. Васил Левски 152,"Пр.цяло пиле без вътрешн., ок.1,4кг",1514.0,15.0,3.57,,Lidl,2026-10-09,
,68134.0,197 - София/бул. Васил Левски 152,Aquafresh Четка за зъби EVERYDAYMed,7209164.0,80.0,0.81,,Lidl,2026-10-09,
,68134.0,197 - София/бул. Васил Левски 152,Zahira Захар фин кристал,1211.0,38.0,0.65,,Lidl,2026-10-09,
,68134.0,197 - София/бул. Васил Левски 152,Шпек БУРГАС XXL,7206730.0,28.0,2.78,,Lidl,2026-10-09,
,68134.0,197 - София/бул. Васил Левски 152,Ritter Sport Шоколад сорт. СК1,1006810.0,69.0,2.55,,Lidl,2026-10-09,
,68134.0,197 - София/бул. Васил Левски 152,Салам с провансалски подправки,5615417.0,28.0,2.29,,Lidl,2026-10-09,
,68134.0,197 - София/бул. Васил Левски 152,Кафе голд,178757.0,70.0,4.29,2.79,Lidl,2026-10-09,
,68134.0,197 - София/бул. Васил Левски 152,"Панагюрска луканка,нарязана XXL",7208726.0,28.0,5.11,,Lidl,2026-10-09,
,68134.0,197 - София/бул. Васил Левски 152,Parodontax Паста з.зъби STR.PROT.WH,7209166.0,81.0,6.69,,Lidl,2026-10-09,
,68134.0,197 - София/бул. Васил Левски 152,Паста за зъби СК6,38757.0,81.0,0.76,,Lidl,2026-10-09,
,68134.0,197 - София/бул. Васил Левски 152,Кроасан крем брюле,186004.0,67.0,0.59,,Lidl,2026-10-09,
,68134.0,197 - София/бул. Васил Левски 152,Sofia Mehl Бяло брашно тип екстра,174688.0,41.0,1.15,,Lidl,2026-10-09,
,68134.0,197 - София/бул. Васил Левски 152,7Days Макс какао ,3378.0,67.0,0.81,,Lidl,2026-10-09,
,68134.0,197 - София/бул. Васил Левски 152,Illy Classico Мляно кафе,7207719.0,70.0,8.19,,Lidl,2026-10-09,
,68134.0,197 - София/бул. Васил Левски 152,Zlatno Dobrudzhansko Слънч. масло,7202581.0,42.0,1.94,,Lidl,2026-10-09,
,68134.0,197 - София/бул. Васил Левски 152,LB Bulgaricum Kашкавал от кр.мляко,7208392.0,11.0,4.6,,Lidl,2026-10-09,
,68134.0,197 - София/бул. Васил Левски 152,Deroni Староселска едросмл. лютениц,7203266.0,49.0,3.19,,Lidl,2026-10-09,
,68134.0,197 - София/бул. Васил Левски 152,Тракийски точени кори,7209428.0,5.0,1.09,,Lidl,2026-10-09,
,68134.0,197 - София/бул. Васил Левски 152,Чай липа,5502894.0,72.0,0.66,,Lidl,2026-10-09,
,68134.0,197 - София/бул. Васил Левски 152,Пикантен салам Наполи,6000218.0,28.0,3.57,,Lidl,2026-10-09,
,68134.0,197 - София/бул. Васил Левски 152,Кроасан с нуга пълн. и лешник поръс,227543.0,67.0,0.76,,Lidl,2026-10-09,
,68134.0,197 - София/бул. Васил Левски 152,Охладена пъстърва филеXXL,7208234.0,30.0,9.99,,Lidl,2026-10-09,
,68134.0,197 - София/бул. Васил Левски 152,Chainik Чай липа или шипка СК1,7208558.0,72.0,0.71,,Lidl,2026-10-09,
,68134.0,197 - София/бул. Васил Левски 152,Colgate четка за зъби 360 Charcoal ,7207355.0,80.0,3.06,,Lidl,2026-10-09,
,68134.0,197 - София/бул. Васил Левски 152,Немско масло 82% масленост,7206876.0,12.0,2.04,1.59,Lidl,2026-10-09,
,68134.0,197 - София/бул. Васил Левски 152,Мокри кърпички за деца XXL SK1,133951.0,84.0,1.27,,Lidl,2026-10-09,
,68134.0,197 - София/бул. Васил Левски 152,Dunhill FC Master Blue Цигари 99 mm,7202427.0,78.0,3.99,,Lidl,2026-10-09,
,68134.0,197 - София/бул. Васил Левски 152,Colgate Четка за зъби Total F.Clean,7209873.0,80.0,3.69,,Lidl,2026-10-09,
,68134.0,197 - София/бул. Васил Левски 152,Спагети от мека пшеница,7204193.0,37.0,0.61,,Lidl,2026-10-09,
,68134.0,197 - София/бул. Васил Левски 152,Свински врат без кост XXL,7201120.0,21.0,8.17,,Lidl,2026-10-09,
,68134.0,197 - София/бул. Васил Левски 152,Hipp 1 Био Комбиотик Мляко,7204457.0,65.0,21.47,,Lidl,2026-10-09,
,68134.0,197 - София/бул. Васил Левски 152,"Био пюре телешко, ориз и зеленчуци ",138003.0,64.0,1.41,,Lidl,2026-10-09,
,68134.0,197 - София/бул. Васил Левски 152,Ябълки червени Kосмик Kрисп на кг,80256.0,53.0,2.69,,Lidl,2026-10-09,
,68134.0,197 - София/бул. Васил Левски 152,Влажни кърпи за деца био разгр. СК1,5544424.0,84.0,1.53,,Lidl,2026-10-09,
,68134.0,197 - София/бул. Васил Левски 152,Шардоне Barrel by the Winemakers,7209773.0,75.0,8.99,,Lidl,2026-10-09,
,68134.0,197 - София/бул. Васил Левски 152,Bulgarche Кисело мляко 2%,7202977.0,7.0,0.49,,Lidl,2026-10-09,
,68134.0,197 - София/бул. Васил Левски 152,"Shumensko Бира 4,8% алк. 10,4°Р",7203373.0,74.0,1.69,,Lidl,2026-10-09,
,68134.0,197 - София/бул. Васил Левски 152,"Pampers Мокри кърпи,Fr. Cl.4x80 бр.",1016497.0,84.0,4.59,,Lidl,2026-10-09,
,68134.0,197 - София/бул. Васил Левски 152,Boni Луканкова наденица,7200891.0,27.0,2.55,,Lidl,2026-10-09,
,68134.0,197 - София/бул. Васил Левски 152,Пушен бекон ,5587.0,27.0,11.75,,Lidl,2026-10-09,
,68134.0,197 - София/бул. Васил Левски 152,Италиански чери домати (ОНТ 250g),29231.0,48.0,0.99,,Lidl,2026-10-09,
,68134.0,197 - София/бул. Васил Левски 152,"Луканка, нарязана XXL",7208675.0,28.0,3.83,,Lidl,2026-10-09,
,68134.0,197 - София/бул. Васил Левски 152,Seltse Лютеница фино смляна,7203221.0,49.0,1.48,,Lidl,2026-10-09,
,68134.0,197 - София/бул. Васил Левски 152,Deutsche Markenbutter Двете крави,7205331.0,12.0,1.89,,Lidl,2026-10-09,
,68134.0,197 - София/бул. Васил Левски 152,Макарони от твърда пшеница,38724.0,36.0,0.99,,Lidl,2026-10-09,
,68134.0,197 - София/бул. Васил Левски 152,Krina Ориз Ризон,7202477.0,35.0,2.5,,Lidl,2026-10-09,
,68134.0,197 - София/бул. Васил Левски 152,"Sayana Краве сирене ЗНП, 700г",7210152.0,9.0,5.99,,Lidl,2026-10-09,
,68134.0,197 - София/бул. Васил Левски 152,Markeli Кисело мляко 2%,7210111.0,7.0,0.59,0.49,Lidl,2026-10-09,
,68134.0,197 - София/бул. Васил Левски 152,Dunhill FC Blonde Цигари 99mm,7202428.0,78.0,3.99,,Lidl,2026-10-09,
,68134.0,197 - София/бул. Васил Левски 152,Simid Добруджа хляб нарязан,1431.0,2.0,0.97,,Lidl,2026-10-09,
,68134.0,197 - София/бул. Васил Левски 152,Vereya Сирене от краве мляко,7202883.0,9.0,3.57,,Lidl,2026-10-09,
,68134.0,197 - София/бул. Васил Левски 152,Rothmans SS Rose,7208901.0,78.0,3.53,,Lidl,2026-10-09,
,68134.0,197 - София/бул. Васил Левски 152,Слънчогледово олио 1 л,7204719.0,42.0,1.68,1.39,Lidl,2026-10-09,
,68134.0,197 - София/бул. Васил Левски 152,Colgate Паста з.зъби Max Fresh СК1,7209074.0,81.0,2.49,,Lidl,2026-10-09,
,68134.0,197 - София/бул. Васил Левски 152,Шунка Прага,1423.0,27.0,4.08,,Lidl,2026-10-09,
,68134.0,197 - София/бул. Васил Левски 152,Алпийска шунка,10237.0,27.0,15.33,,Lidl,2026-10-09,
,68134.0,197 - София/бул. Васил Левски 152,Amadori Пиле свободно отгледано,7207792.0,15.0,5.11,,Lidl,2026-10-09,
,68134.0,197 - София/бул. Васил Левски 152,"Kamenitza Бира 4.4%, Plato 10.2°,2л",7201051.0,74.0,1.12,,Lidl,2026-10-09,
,68134.0,197 - София/бул. Васил Левски 152,Краве сирене ЗНП,7203611.0,9.0,8.18,,Lidl,2026-10-09,
,68134.0,197 - София/бул. Васил Левски 152,Био Ябълков оцет 5%,7206097.0,45.0,1.99,,Lidl,2026-10-09,
,68134.0,197 - София/бул. Васил Левски 152,Бял боб консерва (ОНТ 240g),28947.0,46.0,0.86,,Lidl,2026-10-09,
,68134.0,197 - София/бул. Васил Левски 152,"Бяло сухо вино Мискет&Димят, BG",7206207.0,75.0,3.06,,Lidl,2026-10-09,
,68134.0,197 - София/бул. Васил Левски 152,Кроасан с ванилов крем,7207663.0,67.0,0.25,,Lidl,2026-10-09,
,68134.0,197 - София/бул. Васил Левски 152,Панагюрска луканка промопакет 1+1,7207635.0,28.0,3.35,,Lidl,2026-10-09,
,68134.0,197 - София/бул. Васил Левски 152,"Vereya Кисело краве мляко 3,6% ЗНП",7201319.0,7.0,0.89,,Lidl,2026-10-09,
,68134.0,197 - София/бул. Васил Левски 152,Хляб Ръчен пълнозърнест 600 гр.,7207580.0,3.0,0.97,,Lidl,2026-10-09,
,68134.0,197 - София/бул. Васил Левски 152,Colgate Паста за зъби AdvWhite 2х75,7208096.0,81.0,3.01,,Lidl,2026-10-09,
,68134.0,197 - София/бул. Васил Левски 152,"Луканка, нарязана 3+2 Гратис",7207462.0,28.0,7.47,,Lidl,2026-10-09,
,68134.0,197 - София/бул. Васил Левски 152,Промопакет шпек Бургас и сушеница,7206494.0,28.0,4.09,,Lidl,2026-10-09,
,68134.0,197 - София/бул. Васил Левски 152,Bochko Бебешки влажни кърпи с капа,7207223.0,84.0,2.55,,Lidl,2026-10-09,
,68134.0,197 - София/бул. Васил Левски 152,Lacalut Aktiv паста за зъби Промоп,7203219.0,81.0,2.99,,Lidl,2026-10-09,
,68134.0,197 - София/бул. Васил Левски 152,"Скумрия, изчистена, размразена",7207516.0,30.0,4.6,,Lidl,2026-10-09,
,68134.0,197 - София/бул. Васил Левски 152,"Krina Леща, 1кг-опаковка",7209350.0,34.0,2.04,,Lidl,2026-10-09,
,68134.0,197 - София/бул. Васил Левски 152,МортаделаСК1,5513437.0,27.0,1.88,,Lidl,2026-10-09,
,68134.0,197 - София/бул. Васил Левски 152,"Lactima Balkan Кисело мляко 3,6%",7203042.0,7.0,0.65,,Lidl,2026-10-09,
,68134.0,197 - София/бул. Васил Левски 152,"Harmonica Био кисело мляко 3,6%",7202701.0,7.0,1.41,,Lidl,2026-10-09,
,68134.0,197 - София/бул. Васил Левски 152,Бял среднозърнест ориз 100% начупен,1780.0,35.0,0.97,,Lidl,2026-10-09,
,68134.0,197 - София/бул. Васил Левски 152,Ritter Sport Шоколад сорт.,74671.0,69.0,2.55,,Lidl,2026-10-09,
,68134.0,197 - София/бул. Васил Левски 152,Бекон SK2,5300489.0,27.0,2.29,,Lidl,2026-10-09,
,68134.0,197 - София/бул. Васил Левски 152,Sladeya Захар 1 kg,7203632.0,38.0,0.64,,Lidl,2026-10-09,
,68134.0,197 - София/бул. Васил Левски 152,LB BulgaricumБяло саламур.кр.сирене,7208393.0,9.0,5.99,,Lidl,2026-10-09,
,68134.0,197 - София/бул. Васил Левски 152,Яйца 10 бр. L от под отгл селен,7205873.0,32.0,2.95,,Lidl,2026-10-09,
,68134.0,197 - София/бул. Васил Левски 152,Пресен кашкавал Гюбек с трюфели,7205450.0,11.0,3.99,,Lidl,2026-10-09,
,68134.0,197 - София/бул. Васил Левски 152,Kaba Gayda Мускат&Шардоне&Димя,7206560.0,75.0,2.49,,Lidl,2026-10-09,
,68134.0,197 - София/бул. Васил Левски 152,Pellini Кафе еспресо на зърна,6005681.0,71.0,16.49,,Lidl,2026-10-09,
,68134.0,197 - София/бул. Васил Левски 152,Леща,7207631.0,34.0,1.89,1.59,Lidl,2026-10-09,
,68134.0,197 - София/бул. Васил Левски 152,NAN Мляко за бебета Optipro 3,1020564.0,65.0,16.3,,Lidl,2026-10-09,
,68134.0,197 - София/бул. Васил Левски 152,Печено свинско филе Clean Label1+1 ,7207177.0,28.0,1.49,,Lidl,2026-10-09,
,68134.0,197 - София/бул. Васил Левски 152,Био масло 82%,6810338.0,12.0,3.06,,Lidl,2026-10-09,
,68134.0,197 - София/бул. Васил Левски 152,Kaliakra Слънчогледово масло,6810910.0,42.0,1.42,,Lidl,2026-10-09,
,68134.0,197 - София/бул. Васил Левски 152,Costa d'Oro Extra Virgin Масл.масло,7205994.0,43.0,7.39,,Lidl,2026-10-09,
,68134.0,197 - София/бул. Васил Левски 152,Шпек Бургас,2329.0,28.0,3.32,,Lidl,2026-10-09,
,68134.0,197 - София/бул. Васил Левски 152,Портокали на кг,80135.0,51.0,1.53,,Lidl,2026-10-09,
,68134.0,197 - София/бул. Васил Левски 152,Шпек Стара планина,1974.0,28.0,3.32,,Lidl,2026-10-09,
,68134.0,197 - София/бул. Васил Левски 152,"Hipp Био Пл.каша с ябъл,бан и бискв",7209171.0,63.0,1.89,,Lidl,2026-10-09,
,68134.0,197 - София/бул. Васил Левски 152,"Sredets Пастърма XXL, нарязана",7209879.0,28.0,4.99,,Lidl,2026-10-09,
,68134.0,197 - София/бул. Васил Левски 152,"Смядовска луканка, XXL, нарязана",7208725.0,28.0,6.39,,Lidl,2026-10-09,
,68134.0,197 - София/бул. Васил Левски 152,Бирени пръчици,7200717.0,28.0,4.09,,Lidl,2026-10-09,
,68134.0,197 - София/бул. Васил Левски 152,Чай с джинджифил СК2,7505446.0,72.0,1.29,,Lidl,2026-10-09,
,68134.0,197 - София/бул. Васил Левски 152,"Ябълки, червени, сладки на кг",81329.0,53.0,2.04,,Lidl,2026-10-09,
,68134.0,197 - София/бул. Васил Левски 152,Маслиново масло екстра върджин,26466.0,43.0,9.2,,Lidl,2026-10-09,
,68134.0,197 - София/бул. Васил Левски 152,"Madzharov Краве сирене ЗНП, 800г",7200456.0,9.0,6.99,,Lidl,2026-10-09,
,68134.0,197 - София/бул. Васил Левски 152,"Червено сухо вино Мавруд & Мерло,BG",7206209.0,76.0,3.06,,Lidl,2026-10-09,
,68134.0,197 - София/бул. Васил Левски 152,"Tandem Шунка Финес, 300г-опаковка",7208238.0,27.0,2.09,,Lidl,2026-10-09,
,68134.0,197 - София/бул. Васил Левски 152,Costa Crema Rich кафе на зърна 1кг,7207756.0,71.0,20.45,,Lidl,2026-10-09,
,68134.0,197 - София/бул. Васил Левски 152,Био Пюре с пил.зеленч. ориз без сол,193629.0,64.0,1.0,,Lidl,2026-10-09,
,68134.0,197 - София/бул. Васил Левски 152,"Bonduelle З.грах 850ml,ОНТ530g,800g",7206006.0,47.0,1.78,,Lidl,2026-10-09,
,68134.0,197 - София/бул. Васил Левски 152,Кашкавал от краве мляко,7208124.0,11.0,6.13,,Lidl,2026-10-09,
,68134.0,197 - София/бул. Васил Левски 152,"Four Friends Мерло&Каб.совиньон, BG",7204641.0,76.0,6.13,,Lidl,2026-10-09,
,68134.0,197 - София/бул. Васил Левски 152,Бял боб консерва (ОНТ 530g),29413.0,46.0,1.53,,Lidl,2026-10-09,
,68134.0,197 - София/бул. Васил Левски 152,Плато от салами,6901934.0,28.0,4.35,,Lidl,2026-10-09,
,68134.0,197 - София/бул. Васил Левски 152,Aroma Natural Глицеринов сапун,7208873.0,83.0,0.86,,Lidl,2026-10-09,
,68134.0,197 - София/бул. Васил Левски 152,Rothmans 100's Sky Blue Цигари103mm,7202584.0,78.0,3.27,,Lidl,2026-10-09,
,68134.0,197 - София/бул. Васил Левски 152,"Гулаш от свински бут, ок.750г-атм. ",7206824.0,19.0,7.66,,Lidl,2026-10-09,
,68134.0,197 - София/бул. Васил Левски 152,Свински гърди ,1082.0,27.0,7.66,,Lidl,2026-10-09,
,68134.0,197 - София/бул. Васил Левски 152,Български кашкавал от кр. мляко БДС,7207018.0,11.0,10.22,,Lidl,2026-10-09,
,68134.0,197 - София/бул. Васил Левски 152,Краве сирене ЗНП,7201571.0,9.0,4.6,,Lidl,2026-10-09,
,68134.0,197 - София/бул. Васил Левски 152,"Madzharov Кисело мляко 3,6% ЗНП",7205542.0,7.0,0.71,,Lidl,2026-10-09,
,68134.0,197 - София/бул. Васил Левски 152,"Edoardo Miroglio Каберне Фран, BG",7201650.0,76.0,9.71,7.99,Lidl,2026-10-09,
,68134.0,197 - София/бул. Васил Левски 152,Тоалетна хартия 8бр,1485.0,85.0,3.06,,Lidl,2026-10-09,
,68134.0,197 - София/бул. Васил Левски 152,Delicatessen Бански старец,7204502.0,28.0,3.49,,Lidl,2026-10-09,
,68134.0,197 - София/бул. Васил Левски 152,Бирена шунка,6803291.0,27.0,3.32,,Lidl,2026-10-09,
,68134.0,197 - София/бул. Васил Левски 152,Сьомгова пъстърва филе,7207505.0,30.0,14.79,,Lidl,2026-10-09,
,68134.0,197 - София/бул. Васил Левски 152,"Минерална вода 1,5л",7202619.0,73.0,0.3,,Lidl,2026-10-09,
,68134.0,197 - София/бул. Васил Левски 152,Чешки колбас 300 г ,2202.0,28.0,3.06,,Lidl,2026-10-09,
,68134.0,197 - София/бул. Васил Левски 152,L&M Цигари 100 Blue,7208702.0,78.0,3.27,,Lidl,2026-10-09,
,68134.0,197 - София/бул. Васил Левски 152,Бриош кроасан с крем,229747.0,67.0,0.81,,Lidl,2026-10-09,
,68134.0,197 - София/бул. Васил Левски 152,"ROSO Пр.пил.обез.бут б.кожа,ок0,5кг",7201664.0,17.0,9.59,,Lidl,2026-10-09,
,68134.0,197 - София/бул. Васил Левски 152,"Molerite Тел. луканка, филе Елена",7207632.0,28.0,5.59,,Lidl,2026-10-09,
,68134.0,197 - София/бул. Васил Левски 152,Бисквити,6008224.0,66.0,2.04,,Lidl,2026-10-09,
,68134.0,197 - София/бул. Васил Левски 152,Шварцвалдска шунка XXL,65989.0,28.0,3.89,,Lidl,2026-10-09,
,68134.0,197 - София/бул. Васил Левски 152,Филе Елена нарязано XXL,7207469.0,28.0,7.15,,Lidl,2026-10-09,
,68134.0,197 - София/бул. Васил Левски 152,Прошуто крайни парчета нар. ок.500г,7209063.0,28.0,8.18,,Lidl,2026-10-09,
,68134.0,197 - София/бул. Васил Левски 152,"Бекон, варено-пушен крайни парчета",7205400.0,27.0,6.64,,Lidl,2026-10-09,
,68134.0,197 - София/бул. Васил Левски 152, Пилешки/ Пуешки гърди XXL SK8,11882.0,27.0,6.33,,Lidl,2026-10-09,
,68134.0,197 - София/бул. Васил Левски 152,Super Max Кроасан с какаов крем,133815.0,67.0,0.6,,Lidl,2026-10-09,
,68134.0,197 - София/бул. Васил Левски 152,"Смядовска луканка,нар.дв. количест.",7207466.0,28.0,3.06,,Lidl,2026-10-09,
,68134.0,197 - София/бул. Васил Левски 152,Ирландско масло,70996.0,12.0,2.79,,Lidl,2026-10-09,
,68134.0,197 - София/бул. Васил Левски 152,Копа,6900635.0,28.0,18.9,,Lidl,2026-10-09,
,68134.0,197 - София/бул. Васил Левски 152,Bingo Униве. мокри кърпи Lovely,7210166.0,84.0,2.55,,Lidl,2026-10-09,
,68134.0,197 - София/бул. Васил Левски 152,Melitta Мляно кафе Excellent,1003745.0,70.0,3.83,,Lidl,2026-10-09,
,68134.0,197 - София/бул. Васил Левски 152,"Сушено филе,наряз.Clean label 3+2",7207467.0,28.0,8.43,,Lidl,2026-10-09,
,68134.0,197 - София/бул. Васил Левски 152,Bilcocoop Бронхо чай,7207565.0,72.0,0.66,,Lidl,2026-10-09,
,68134.0,197 - София/бул. Васил Левски 152,Сал.сирене от кр.мляко с пов.вод.съ,2663.0,9.0,6.33,,Lidl,2026-10-09,
,68134.0,197 - София/бул. Васил Левски 152,Четка за зъби класик СК6,27028.0,80.0,0.76,,Lidl,2026-10-09,
,68134.0,197 - София/бул. Васил Левски 152,Лук на кг,83325.0,55.0,0.66,0.49,Lidl,2026-10-09,
,68134.0,197 - София/бул. Васил Левски 152,Жълт фасул ОНТ 350 г,7208121.0,46.0,1.38,,Lidl,2026-10-09,
,68134.0,197 - София/бул. Васил Левски 152,Шпеков салам Бургас,1086.0,28.0,1.89,,Lidl,2026-10-09,
,68134.0,197 - София/бул. Васил Левски 152,"Кашкавал от кр. мляко, собств.ферма",7204383.0,11.0,6.64,,Lidl,2026-10-09,
,68134.0,197 - София/бул. Васил Левски 152,Гроздова ракия отлежала 40% алк.,7206699.0,77.0,7.39,,Lidl,2026-10-09,
,68134.0,197 - София/бул. Васил Левски 152,"Ябълки, червени, български на кг",80241.0,53.0,1.59,0.79,Lidl,2026-10-09,
,68134.0,197 - София/бул. Васил Левски 152,Sredets Филе Елена слайс,7209878.0,28.0,4.99,,Lidl,2026-10-09,
,68134.0,197 - София/бул. Васил Левски 152,Извара,7207282.0,14.0,1.94,1.59,Lidl,2026-10-09,
,68134.0,197 - София/бул. Васил Левски 152,Спагетони от твърда пшеница 50 см,39009.0,37.0,1.78,,Lidl,2026-10-09,
,68134.0,197 - София/бул. Васил Левски 152,Aquafresh Паста Intense Clean/White,3058.0,81.0,2.5,,Lidl,2026-10-09,
,68134.0,197 - София/бул. Васил Левски 152,Луканка Промопакет 2+1,7204863.0,28.0,4.8,,Lidl,2026-10-09,
,68134.0,197 - София/бул. Васил Левски 152,7 Days С.макс кроас. с как.п. ,3381.0,67.0,1.02,,Lidl,2026-10-09,
,68134.0,197 - София/бул. Васил Левски 152,Био Пюре спагети болонезе без сол,138009.0,64.0,1.25,,Lidl,2026-10-09,
,68134.0,197 - София/бул. Васил Левски 152,Йодирана морска сол едра,6208438.0,39.0,0.28,,Lidl,2026-10-09,
,68134.0,197 - София/бул. Васил Левски 152,Zahira Захар,1229.0,38.0,0.95,,Lidl,2026-10-09,
,68134.0,197 - София/бул. Васил Левски 152,Сардини,5900161.0,29.0,4.49,,Lidl,2026-10-09,
,68134.0,197 - София/бул. Васил Левски 152,Баница със сирене,7203167.0,68.0,0.89,,Lidl,2026-10-09,
,68134.0,197 - София/бул. Васил Левски 152,Ferrero Rocher Шоколад Original,7206985.0,69.0,2.25,,Lidl,2026-10-09,
,68134.0,197 - София/бул. Васил Левски 152,Пълнозърнести спагети,6710828.0,37.0,1.17,,Lidl,2026-10-09,
,68134.0,197 - София/бул. Васил Левски 152,Nova Brasilia мл.кафе джезве,1592.0,70.0,2.35,,Lidl,2026-10-09,
,68134.0,197 - София/бул. Васил Левски 152,Ръчен бял хляб,7202056.0,1.0,0.97,0.95,Lidl,2026-10-09,
,68134.0,197 - София/бул. Васил Левски 152,Рустикален хляб с два вида квас,227379.0,1.0,2.99,,Lidl,2026-10-09,
,68134.0,197 - София/бул. Васил Левски 152,Свински врат без кост маринован SK1,7207072.0,21.0,8.18,,Lidl,2026-10-09,
,68134.0,197 - София/бул. Васил Левски 152,Боб насипен 200-220/100 г,2774.0,33.0,2.04,,Lidl,2026-10-09,
,68134.0,197 - София/бул. Васил Левски 152,Vogue Yellow Цигари 97 мм,7203522.0,78.0,3.58,,Lidl,2026-10-09,
,68134.0,197 - София/бул. Васил Левски 152,Devin Air Mинерална газирана вода,7203411.0,73.0,0.79,,Lidl,2026-10-09,
,68134.0,197 - София/бул. Васил Левски 152,Merilyn Цигари Flat Pack Pink,7209081.0,78.0,3.17,,Lidl,2026-10-09,
,68134.0,197 - София/бул. Васил Левски 152,Свински врат без кост,7204453.0,21.0,3.98,,Lidl,2026-10-09,
,68134.0,197 - София/бул. Васил Левски 152,Краве сирене в саламура- PVC кутия,7209565.0,9.0,5.29,,Lidl,2026-10-09,
,68134.0,197 - София/бул. Васил Левски 152,"Bankia Минер.вода 6x1,5л",6076.0,73.0,2.55,,Lidl,2026-10-09,
,68134.0,197 - София/бул. Васил Левски 152,Ръжено-пшеничен хляб,7207522.0,3.0,1.17,,Lidl,2026-10-09,
,68134.0,197 - София/бул. Васил Левски 152,Barilla Макарони,3179.0,36.0,1.84,,Lidl,2026-10-09,
,68134.0,197 - София/бул. Васил Левски 152,Прясно краве масло,5500686.0,12.0,2.09,,Lidl,2026-10-09,
,68134.0,197 - София/бул. Васил Левски 152,Бяло саламурено сирене,2092.0,9.0,4.59,,Lidl,2026-10-09,
,68134.0,197 - София/бул. Васил Левски 152,Ципура XXL,6205387.0,30.0,9.59,,Lidl,2026-10-09,
,68134.0,197 - София/бул. Васил Левски 152,Кроасан XXL,1015437.0,67.0,0.79,,Lidl,2026-10-09,
,68134.0,197 - София/бул. Васил Левски 152,Майсторски хляб с квас,1002917.0,1.0,2.99,,Lidl,2026-10-09,
,68134.0,197 - София/бул. Васил Левски 152,"Размразена скумрия, изчистена",7207515.0,30.0,9.89,,Lidl,2026-10-09,
,68134.0,197 - София/бул. Васил Левски 152,Пълнозърнест хляб с квас,7208092.0,3.0,1.35,,Lidl,2026-10-09,
,68134.0,197 - София/бул. Васил Левски 152,Lavazza Suerte Кафе на зърна,7204735.0,71.0,15.33,,Lidl,2026-10-09,
,68134.0,197 - София/бул. Васил Левски 152,Паста за зъби специал СК4,38752.0,81.0,1.02,,Lidl,2026-10-09,
,68134.0,197 - София/бул. Васил Левски 152,Пастърма нар.дв.количество,7207774.0,28.0,3.52,,Lidl,2026-10-09,
,68134.0,197 - София/бул. Васил Левски 152,Seltse Лютеница едро смляна,7205063.0,49.0,2.49,,Lidl,2026-10-09,
,68134.0,197 - София/бул. Васил Левски 152,Паста Orecchiette/Trofie SK3 500g,6001877.0,36.0,1.59,,Lidl,2026-10-09,
,68134.0,197 - София/бул. Васил Левски 152,Ориз Ризон,7207630.0,35.0,1.38,,Lidl,2026-10-09,
,68134.0,197 - София/бул. Васил Левски 152,Nova Brasilia мл. кафе eспресо голд,1030376.0,70.0,4.08,3.49,Lidl,2026-10-09,
,68134.0,197 - София/бул. Васил Левски 152,"Универсални мокри кърпички XXL,SK1",70686.0,84.0,4.6,,Lidl,2026-10-09,
,68134.0,197 - София/бул. Васил Левски 152,Луканков салам промопак. 2+1 гратис,7205384.0,28.0,5.41,,Lidl,2026-10-09,
,68134.0,197 - София/бул. Васил Левски 152,"Bella Точени кори, пълнозърнести",7209427.0,5.0,1.25,,Lidl,2026-10-09,
,68134.0,197 - София/бул. Васил Левски 152,Бекон плоча 300g,6406728.0,27.0,1.99,,Lidl,2026-10-09,
,68134.0,197 - София/бул. Васил Левски 152,"Bozhentsi Кисело мляко 2,2%",7203048.0,7.0,0.92,,Lidl,2026-10-09,
,68134.0,197 - София/бул. Васил Левски 152,Stallion Classic Red Blend,7209799.0,76.0,4.99,,Lidl,2026-10-09,
,68134.0,197 - София/бул. Васил Левски 152,Чоризо SK2,5710393.0,27.0,2.49,,Lidl,2026-10-09,
,68134.0,197 - София/бул. Васил Левски 152,"AMETA Прясно цяло пиле, ок.1,4 кг",7206883.0,15.0,2.55,,Lidl,2026-10-09,
,68134.0,197 - София/бул. Васил Левски 152,Кашкавал от краве мляко БДС 400g,7205609.0,11.0,6.13,,Lidl,2026-10-09,
,68134.0,197 - София/бул. Васил Левски 152,"Каберне Совиньон&Мерло&Каберне, BG",7207716.0,76.0,5.62,,Lidl,2026-10-09,
,68134.0,197 - София/бул. Васил Левски 152,Stallion Chardonnay & Viognier,7209796.0,75.0,7.66,,Lidl,2026-10-09,
,68134.0,197 - София/бул. Васил Левски 152,Ludogorsko pile Прясно цяло пиле,7200471.0,15.0,4.09,,Lidl,2026-10-09,
,68134.0,197 - София/бул. Васил Левски 152,"P.Gusto Пълн.спагети,твърда пшеница",7209638.0,36.0,1.17,,Lidl,2026-10-09,
,68134.0,197 - София/бул. Васил Левски 152,Agiva Homey мокри кърпи с белина,7209023.0,84.0,2.45,,Lidl,2026-10-09,
,68134.0,197 - София/бул. Васил Левски 152,7Days Double ванилия-ягода,3382.0,67.0,0.81,,Lidl,2026-10-09,
,68134.0,197 - София/бул. Васил Левски 152,"Кисело мляко 3,6% ЗНП XXL",7203938.0,7.0,0.74,,Lidl,2026-10-09,
,68134.0,197 - София/бул. Васил Левски 152,Nashe Selo Краве сирене,7205789.0,9.0,7.2,,Lidl,2026-10-09,
,68134.0,197 - София/бул. Васил Левски 152,"Картофи, сладки на кг",80755.0,61.0,2.89,,Lidl,2026-10-09,
,68134.0,197 - София/бул. Васил Левски 152,Луканков салам нарязан XXL,7208676.0,28.0,3.42,,Lidl,2026-10-09,
,68134.0,197 - София/бул. Васил Левски 152,Naroden Колбас SK1,7208184.0,27.0,1.53,,Lidl,2026-10-09,
,68134.0,197 - София/бул. Васил Левски 152,Билков чай 7билки/маточин сорт СК11,1941.0,72.0,0.61,,Lidl,2026-10-09,
,68134.0,197 - София/бул. Васил Левски 152,Vinprom Troyan Троян. сливова ракия,1991.0,77.0,11.32,,Lidl,2026-10-09,
,68134.0,197 - София/бул. Васил Левски 152,"Detstvo moe Детски бисквити, 200гр.",7203568.0,66.0,1.12,,Lidl,2026-10-09,
,68134.0,197 - София/бул. Васил Левски 152,Дългозърнест ориз Арборио,39930.0,35.0,3.29,,Lidl,2026-10-09,
,68134.0,197 - София/бул. Васил Левски 152,Четка за зъби Deep Clean Soft,7209163.0,80.0,2.55,,Lidl,2026-10-09,
,68134.0,197 - София/бул. Васил Левски 152,Karnobatska Гроздова ракия 40% алк.,7207954.0,77.0,4.39,,Lidl,2026-10-09,
,68134.0,197 - София/бул. Васил Левски 152,Milka шоколад СК19,1004207.0,69.0,1.99,,Lidl,2026-10-09,
,68134.0,197 - София/бул. Васил Левски 152,"Krina Български ориз, 1кг-плик",7209348.0,35.0,1.53,,Lidl,2026-10-09,
,68134.0,197 - София/бул. Васил Левски 152,Кашкавал от краве мляко,1182.0,11.0,11.75,,Lidl,2026-10-09,
,68134.0,197 - София/бул. Васил Левски 152,Бисквити джунгла SK1,6605173.0,66.0,2.19,,Lidl,2026-10-09,
,68134.0,197 - София/бул. Васил Левски 152,Simid Селски хляб пълнозърнест,7208119.0,3.0,1.22,,Lidl,2026-10-09,
,68134.0,197 - София/бул. Васил Левски 152,Espresso Cremoso,72859.0,71.0,14.82,10.99,Lidl,2026-10-09,
,68134.0,197 - София/бул. Васил Левски 152,Paw Patrol шампоан SK1,1020629.0,82.0,1.59,,Lidl,2026-10-09,
,68134.0,197 - София/бул. Васил Левски 152,Мерло & Малбек,7209778.0,76.0,7.99,,Lidl,2026-10-09,
,68134.0,197 - София/бул. Васил Левски 152,Kristal Чаени Бисквити SK1,7209793.0,66.0,0.69,,Lidl,2026-10-09,
,68134.0,197 - София/бул. Васил Левски 152,Кисело мляко 2% ЗНП,7201699.0,7.0,0.71,,Lidl,2026-10-09,
,68134.0,197 - София/бул. Васил Левски 152,Антибактериални влaжни кърпи,7205661.0,84.0,1.66,,Lidl,2026-10-09,
,68134.0,197 - София/бул. Васил Левски 152,Луканков салам цели парчета ок.400г,7208067.0,28.0,4.08,,Lidl,2026-10-09,
,68134.0,197 - София/бул. Васил Левски 152,Салам от свинско месо,5615907.0,28.0,3.83,,Lidl,2026-10-09,
,68134.0,197 - София/бул. Васил Левски 152,"Vedrare Кисело мляко 3,6%",7202627.0,7.0,0.69,,Lidl,2026-10-09,
,68134.0,197 - София/бул. Васил Левски 152,"Ябълки, зелени, български на кг",80200.0,53.0,1.53,0.89,Lidl,2026-10-09,
,68134.0,197 - София/бул. Васил Левски 152,Универс.почистващи кърпи с лимон,7210322.0,84.0,1.99,,Lidl,2026-10-09,
,68134.0,197 - София/бул. Васил Левски 152,SOFIA MEL Бяло брашно тип 500 класи,105534.0,40.0,1.1,,Lidl,2026-10-09,
,68134.0,197 - София/бул. Васил Левски 152,Баварски минилеберкез SK5,11857.0,27.0,2.49,,Lidl,2026-10-09,
,68134.0,197 - София/бул. Васил Левски 152,Сира by the Winemakers,7209779.0,76.0,7.99,,Lidl,2026-10-09,
,68134.0,197 - София/бул. Васил Левски 152,"Био пюре с шунка, паста и доматен ",138004.0,64.0,1.41,,Lidl,2026-10-09,
,68134.0,197 - София/бул. Васил Левски 152,Моркови на кг,82755.0,56.0,1.27,0.57,Lidl,2026-10-09,
,68134.0,197 - София/бул. Васил Левски 152,Маслиново масло от маслиново кюспе,5717272.0,43.0,4.34,,Lidl,2026-10-09,
,68134.0,197 - София/бул. Васил Левски 152,Лонганиса,5701940.0,28.0,3.83,,Lidl,2026-10-09,
,68134.0,197 - София/бул. Васил Левски 152,Шпек Стара планина Промопакет 2+1,7202994.0,28.0,6.64,,Lidl,2026-10-09,
,68134.0,197 - София/бул. Васил Левски 152,Lavazza Crema e Gusto,7201978.0,70.0,7.41,,Lidl,2026-10-09,
,68134.0,197 - София/бул. Васил Левски 152,Сьомга филе с кожа,157235.0,30.0,15.39,,Lidl,2026-10-09,
,68134.0,197 - София/бул. Васил Левски 152,Суджук с чесън,188021.0,28.0,4.19,,Lidl,2026-10-09,
,68134.0,197 - София/бул. Васил Левски 152,Costa Crema Intense кафе на зърна,7208243.0,71.0,20.45,,Lidl,2026-10-09,
,68134.0,197 - София/бул. Васил Левски 152,Trendy Бебешки влажни кърпи,7204364.0,84.0,1.02,,Lidl,2026-10-09,
,68134.0,197 - София/бул. Васил Левски 152,Вита баница с локум,7204788.0,68.0,0.45,,Lidl,2026-10-09,
,68134.0,197 - София/бул. Васил Левски 152,Пресен кашкавал Гюбек с манатарки,7208469.0,11.0,6.64,,Lidl,2026-10-09,
,68134.0,197 - София/бул. Васил Левски 152,Немско масло 82% масленост,7210215.0,12.0,1.78,,Lidl,2026-10-09,
,68134.0,197 - София/бул. Васил Левски 152,Билков чай Туристически,7209546.0,72.0,0.71,,Lidl,2026-10-09,
,68134.0,197 - София/бул. Васил Левски 152,Луканков салам Средна гора XXL,7207772.0,28.0,7.66,,Lidl,2026-10-09,
,68134.0,197 - София/бул. Васил Левски 152,Лютеница едромляна,7205594.0,49.0,3.99,3.39,Lidl,2026-10-09,
,68134.0,197 - София/бул. Васил Левски 152,Паста за зъби въглен/кокос,167549.0,81.0,1.02,,Lidl,2026-10-09,
,68134.0,197 - София/бул. Васил Левски 152,Нарязани домати (OHT 240 г),29239.0,48.0,0.86,,Lidl,2026-10-09,
,68134.0,197 - София/бул. Васил Левски 152,Хляб с квас Сан Франциско,225744.0,1.0,2.99,,Lidl,2026-10-09,
,68134.0,197 - София/бул. Васил Левски 152,Селекция салами,6009957.0,28.0,7.59,,Lidl,2026-10-09,
,68134.0,197 - София/бул. Васил Левски 152,Мортадела с чушка,5513435.0,27.0,1.88,,Lidl,2026-10-09,
,68134.0,197 - София/бул. Васил Левски 152,"Ципура цяла, изчистена",192738.0,30.0,11.59,,Lidl,2026-10-09,
,68134.0,197 - София/бул. Васил Левски 152,Madzharov Кашкавал Витоша БДС,7206941.0,11.0,7.15,,Lidl,2026-10-09,
,68134.0,197 - София/бул. Васил Левски 152,Свински врат с кост,7206421.0,21.0,6.39,,Lidl,2026-10-09,
,68134.0,197 - София/бул. Васил Левски 152,Гроздова ракия специална 40% алк.,7206700.0,77.0,8.69,,Lidl,2026-10-09,
,68134.0,197 - София/бул. Васил Левски 152,ColgateПастаЗаЗъбTripleAction 2x125,7209370.0,81.0,3.16,,Lidl,2026-10-09,
,68134.0,197 - София/бул. Васил Левски 152,Безкофеиново кафе,35016.0,70.0,3.99,,Lidl,2026-10-09,
,68134.0,197 - София/бул. Васил Левски 152,Aptamil Адаптирано мляко 3 (1год.),3042.0,65.0,17.2,,Lidl,2026-10-09,
,68134.0,197 - София/бул. Васил Левски 152,Lavazza Crema e Aroma Кафе на зърна,7201992.0,71.0,23.0,,Lidl,2026-10-09,
,68134.0,197 - София/бул. Васил Левски 152,Parodontax Четка за зъбиExp.Ext.Sof,7209162.0,80.0,2.79,,Lidl,2026-10-09,
,68134.0,197 - София/бул. Васил Левски 152,Немска шунка традиционна слайс,11686.0,27.0,16.31,,Lidl,2026-10-09,
,68134.0,197 - София/бул. Васил Левски 152,"Bozhentsi Кисело мляко 3,6% ZGU",7203049.0,7.0,0.75,,Lidl,2026-10-09,
,68134.0,197 - София/бул. Васил Левски 152,Захар,6800347.0,38.0,0.86,,Lidl,2026-10-09,
,68134.0,197 - София/бул. Васил Левски 152,Лютеница едромляна,1297.0,49.0,2.99,,Lidl,2026-10-09,
,68134.0,197 - София/бул. Васил Левски 152,"Velingrad Минерална вода 1,5l",7204307.0,73.0,0.59,,Lidl,2026-10-09,
,68134.0,197 - София/бул. Васил Левски 152,Био плодово пюре банани и ябълки,179374.0,64.0,1.0,,Lidl,2026-10-09,
,68134.0,197 - София/бул. Васил Левски 152,Кроасан с какао макс,24591.0,67.0,0.5,,Lidl,2026-10-09,
,68134.0,197 - София/бул. Васил Левски 152,Спагети от твърда пшеница ,38954.0,37.0,0.99,,Lidl,2026-10-09,
,68134.0,197 - София/бул. Васил Левски 152,Пушени пуешки гърди,1075.0,27.0,9.28,,Lidl,2026-10-09,
,68134.0,197 - София/бул. Васил Левски 152,Еспресо на зърна интенсо,135274.0,71.0,12.78,,Lidl,2026-10-09,
,68134.0,197 - София/бул. Васил Левски 152,King Цигари Red 100 Classic,7208913.0,78.0,3.07,,Lidl,2026-10-09,
,68134.0,197 - София/бул. Васил Левски 152,Trumpf Шокол. блокчета шогети СК99,40040.0,69.0,2.09,,Lidl,2026-10-09,
,68134.0,197 - София/бул. Васил Левски 152,Салам с орехи,5609637.0,28.0,2.59,,Lidl,2026-10-09,
,68134.0,197 - София/бул. Васил Левски 152,Обикновени бисквити,6900330.0,66.0,2.55,,Lidl,2026-10-09,
,68134.0,197 - София/бул. Васил Левски 152,Кроасан с шунка и кашкавал,227544.0,67.0,0.91,,Lidl,2026-10-09,
,68134.0,197 - София/бул. Васил Левски 152,BingoУни.мокри кърпи Sweet home,7210167.0,84.0,2.55,,Lidl,2026-10-09,
,68134.0,197 - София/бул. Васил Левски 152,Baby Crema Влажни кърпички 2x80 бр.,7207708.0,84.0,2.04,,Lidl,2026-10-09,
,68134.0,197 - София/бул. Васил Левски 152,Bochko Бебешки сапун с лавандула,7201128.0,83.0,0.86,,Lidl,2026-10-09,
,68134.0,197 - София/бул. Васил Левски 152,Точени кори,1118.0,5.0,1.39,,Lidl,2026-10-09,
,68134.0,197 - София/бул. Васил Левски 152,Британско масло със сол,5201105.0,12.0,3.57,,Lidl,2026-10-09,
,68134.0,197 - София/бул. Васил Левски 152,Свински врат маринован,7209861.0,21.0,6.49,,Lidl,2026-10-09,
,68134.0,197 - София/бул. Васил Левски 152,Зеле на кг,82955.0,57.0,0.85,,Lidl,2026-10-09,
,68134.0,197 - София/бул. Васил Левски 152,Совиньон Блан & Шардоне,7209772.0,75.0,7.99,,Lidl,2026-10-09,
,68134.0,197 - София/бул. Васил Левски 152,Обикновени бисквити с кокос,1006615.0,66.0,1.29,,Lidl,2026-10-09,
,68134.0,197 - София/бул. Васил Левски 152,"Свински врат без кост, цяло парче",186460.0,21.0,3.98,,Lidl,2026-10-09,
,68134.0,197 - София/бул. Васил Левски 152,Кроасан с масло (27% масло),121471.0,67.0,0.49,,Lidl,2026-10-09,
,68134.0,197 - София/бул. Васил Левски 152,Krina Бял боб със зеленч.(ОНТ 400g),7208922.0,46.0,1.38,,Lidl,2026-10-09,
,68134.0,197 - София/бул. Васил Левски 152,Вита баница със сирене,7209068.0,68.0,2.55,,Lidl,2026-10-09,
,68134.0,197 - София/бул. Васил Левски 152,"ROSО Прясно цяло пиле, ок. 1,5 кг ",2866.0,15.0,7.45,,Lidl,2026-10-09,
,68134.0,197 - София/бул. Васил Левски 152,Деликатесен салам XXL,5531336.0,28.0,7.66,,Lidl,2026-10-09,
,68134.0,197 - София/бул. Васил Левски 152,Гръцко краве сирене,6200799.0,9.0,3.83,,Lidl,2026-10-09,
,68134.0,197 - София/бул. Васил Левски 152,Pomoriyska Гроздова ракия 40%,1338.0,77.0,8.18,,Lidl,2026-10-09,
,68134.0,197 - София/бул. Васил Левски 152,Шпеков салам Clean Label 1+1 гратис,7205617.0,28.0,4.34,,Lidl,2026-10-09,
,68134.0,197 - София/бул. Васил Левски 152,Троянска сливова ракия обикн.38%,7207962.0,77.0,9.51,,Lidl,2026-10-09,
,68134.0,197 - София/бул. Васил Левски 152,Ръжен пълнозърнест хляб нарязан,22693.0,3.0,1.17,,Lidl,2026-10-09,
,68134.0,197 - София/бул. Васил Левски 152,Кафе крема,35021.0,70.0,3.06,2.29,Lidl,2026-10-09,
,68134.0,197 - София/бул. Васил Левски 152,Био банани на кг,81500.0,52.0,2.04,,Lidl,2026-10-09,
,68134.0,197 - София/бул. Васил Левски 152,Play Time Влажни кърпи с капак,7204132.0,84.0,1.53,,Lidl,2026-10-09,
,68134.0,197 - София/бул. Васил Левски 152,Jeleznitsa Бяло саламурено сирене,1535.0,9.0,6.08,,Lidl,2026-10-09,
,68134.0,197 - София/бул. Васил Левски 152,Корнишони на кг,82215.0,58.0,1.99,,Lidl,2026-10-09,
,68134.0,197 - София/бул. Васил Левски 152,Rothmans 100's DarkBlue Цигари103mm,7202583.0,78.0,3.27,,Lidl,2026-10-09,
,68134.0,197 - София/бул. Васил Левски 152,Амбарица по манастирски XXL,7201924.0,28.0,6.13,,Lidl,2026-10-09,
,68134.0,197 - София/бул. Васил Левски 152,Прясно сирене (OHT 500g),9000134.0,9.0,5.11,,Lidl,2026-10-09,
,68134.0,197 - София/бул. Васил Левски 152,Segafredo Intermezzo Кафе на зърна,7202952.0,71.0,13.99,,Lidl,2026-10-09,
,68134.0,197 - София/бул. Васил Левски 152,Чоризо за печене на скара,169291.0,28.0,2.79,,Lidl,2026-10-09,
,68134.0,197 - София/бул. Васил Левски 152,Варено-пушен бут 58% месо,7208324.0,27.0,6.43,5.39,Lidl,2026-10-09,
,68134.0,197 - София/бул. Васил Левски 152,Colgate паста за зъб,7205753.0,81.0,2.39,,Lidl,2026-10-09,
,68134.0,197 - София/бул. Васил Левски 152,Био Пюре с пил. карт. морк. без сол,193630.0,64.0,1.0,,Lidl,2026-10-09,
,68134.0,197 - София/бул. Васил Левски 152,Nova Brasilia мл.кафе класик,1590.0,70.0,4.09,3.49,Lidl,2026-10-09,
,68134.0,197 - София/бул. Васил Левски 152,Melitta Кафе на зърна  Класик ,1003760.0,71.0,17.38,,Lidl,2026-10-09,
,68134.0,197 - София/бул. Васил Левски 152,"Среднозърнест ориз, 7% начуп.",7200263.0,35.0,1.53,,Lidl,2026-10-09,
,68134.0,197 - София/бул. Васил Левски 152,Krina Ориз Перлен,7202476.0,35.0,2.5,,Lidl,2026-10-09,
,68134.0,197 - София/бул. Васил Левски 152,Кашкавалка,7208975.0,68.0,1.48,,Lidl,2026-10-09,
,68134.0,197 - София/бул. Васил Левски 152,Пресен кашкавал Гюбек с поръска сор,7207185.0,11.0,6.64,,Lidl,2026-10-09,
,68134.0,197 - София/бул. Васил Левски 152,Био Пюре праскови маракуя и ябълка,196979.0,64.0,1.0,,Lidl,2026-10-09,
,68134.0,197 - София/бул. Васил Левски 152,Био нарязани домати 6 Brix(ОНТ 240),133303.0,48.0,1.09,,Lidl,2026-10-09,
,68134.0,197 - София/бул. Васил Левски 152,Vedrare Кисело мляко 2% масленост,7202626.0,7.0,0.59,,Lidl,2026-10-09,
,68134.0,197 - София/бул. Васил Левски 152,Маслиново масло Extra virgin Испани,11366.0,43.0,8.18,,Lidl,2026-10-09,
,,,,,,,,Fantastico,2026-10-09,"<html lang=""en"">"
,,,,,,,,Fantastico,2026-10-09,<head>
,,,,,,,,Fantastico,2026-10-09,"  <meta charset=""utf8"">"
,,,,,,,,Fantastico,2026-10-09,  <script>
,,,,,,,,Fantastico,2026-10-09,      (function(){
,,,,,,,,Fantastico,2026-10-09,          setTimeout(function(){
,,,,,,,,Fantastico,2026-10-09,              window.location.reload();
,,,,,,,,Fantastico,2026-10-09,      }())
,,,,,,,,Fantastico,2026-10-09,  </script>
,,,,,,,,Fantastico,2026-10-09,    font-optical-sizing: auto;
,,,,,,,,Fantastico,2026-10-09,    font-weight: 400;
,,,,,,,,Fantastico,2026-10-09,    font-style: normal;
,,,,,,,,Fantastico,2026-10-09,    padding: 0 .4em 0 .2em;
,,,,,,,,Fantastico,2026-10-09,    letter-spacing: 0.06em;
,,,,,,,,Fantastico,2026-10-09,}
,,,,,,,,Fantastico,2026-10-09,@media (min-height: 180px) {
,,,,,,,,Fantastico,2026-10-09,    #outer-container {
,,,,,,,,Fantastico,2026-10-09,        margin-top: 0;
,,,,,,,,Fantastico,2026-10-09,    }
,,,,,,,,Fantastico,2026-10-09,}
,,,,,,,,Fantastico,2026-10-09,@media (min-height: 360px) {
,,,,,,,,Fantastico,2026-10-09,    #outer-container {
,,,,,,,,Fantastico,2026-10-09,        margin-top: 5%;
,,,,,,,,Fantastico,2026-10-09,    }
,,,,,,,,Fantastico,2026-10-09,}
,,,,,,,,Fantastico,2026-10-09,@media (min-height: 540px) {
,,,,,,,,Fantastico,2026-10-09,    #outer-container {
,,,,,,,,Fantastico,2026-10-09,        margin-top: 10%;
,,,,,,,,Fantastico,2026-10-09,    }
,,,,,,,,Fantastico,2026-10-09,}
,,,,,,,,Fantastico,2026-10-09,@media (min-height: 720px) {
,,,,,,,,Fantastico,2026-10-09,    #outer-container {
,,,,,,,,Fantastico,2026-10-09,        margin-top: 20%;
,,,,,,,,Fantastico,2026-10-09,    }
,,,,,,,,Fantastico,2026-10-09,}
,,,,,,,,Fantastico,2026-10-09,@media (min-width: 1450px) {
,,,,,,,,Fantastico,2026-10-09,    .throbber {
,,,,,,,,Fantastico,2026-10-09,        width: 90px;
,,,,,,,,Fantastico,2026-10-09,        height: 90px;
,,,,,,,,Fantastico,2026-10-09,        float: left;
,,,,,,,,Fantastico,2026-10-09,        padding: 5px 0 5px 5px;
,,,,,,,,Fantastico,2026-10-09,        opacity: 0.86;
,,,,,,,,Fantastico,2026-10-09,    }
,,,,,,,,Fantastico,2026-10-09,    #container {
,,,,,,,,Fantastico,2026-10-09,        display: inline-block;
,,,,,,,,Fantastico,2026-10-09,        border-radius: 51px;
,,,,,,,,Fantastico,2026-10-09,        height: 100px;
,,,,,,,,Fantastico,2026-10-09,    }
,,,,,,,,Fantastico,2026-10-09,}
,,,,,,,,Fantastico,2026-10-09,  </style>
,,,,,,,,Fantastico,2026-10-09,</head>
,,,,,,,,Fantastico,2026-10-09,<body>
,,,,,,,,Fantastico,2026-10-09,"  <div id=""outer-container"">"
,,,,,,,,Fantastico,2026-10-09,"    <div id=""container"">"
,,,,,,,,Fantastico,2026-10-09,"<div class=""throbber"">"
,,,,,,,,Fantastico,2026-10-09,"    <svg class=""spinner"" width=""90px"" height=""90px"" viewBox=""0 0 47 47"""
,,,,,,,,Fantastico,2026-10-09,"         version=""1.1"""
,,,,,,,,Fantastico,2026-10-09,"         xmlns=""http://www.w3.org/2000/svg"""
,,,,,,,,Fantastico,2026-10-09,"         xmlns:xlink=""http://www.w3.org/1999/xlink"">"
,,,,,,,,Fantastico,2026-10-09,        <title>Loader</title>
,,,,,,,,Fantastico,2026-10-09,        <defs>
,,,,,,,,Fantastico,2026-10-09,"            <polygon id=""path-1"""
,,,,,,,,Fantastico,2026-10-09,"                     points=""0 0.375484146 0 15.7255695 15.7013244 15.7255695 15.7013244 0.375484146 0 0.375484146""></polygon>"
,,,,,,,,Fantastico,2026-10-09,        </defs>
,,,,,,,,Fantastico,2026-10-09,"        <g id=""Page-1"" stroke=""none"" stroke-width=""1"" fill=""none"""
,,,,,,,,Fantastico,2026-10-09,"           fill-rule=""evenodd"">"
,,,,,,,,Fantastico,2026-10-09,"                          id=""Fill-1"" fill=""#467C45""></path>"
,,,,,,,,Fantastico,2026-10-09,"                          id=""Fill-3"" fill=""#467C45""></path>"
,,,,,,,,Fantastico,2026-10-09,"                          id=""Fill-5"" fill=""#467C45""></path>"
,,,,,,,,Fantastico,2026-10-09,"                    <g id=""Group-9"""
,,,,,,,,Fantastico,2026-10-09,"                        <mask id=""mask-2"" fill=""white"">"
,,,,,,,,Fantastico,2026-10-09,"                            <use xlink:href=""#path-1""></use>"
,,,,,,,,Fantastico,2026-10-09,                        </mask>
,,,,,,,,Fantastico,2026-10-09,"                        <g id=""Clip-8""></g>"
,,,,,,,,Fantastico,2026-10-09,"                              id=""Fill-7"" fill=""#467C45"""
,,,,,,,,Fantastico,2026-10-09,"                              mask=""url(#mask-2)""></path>"
,,,,,,,,Fantastico,2026-10-09,                    </g>
,,,,,,,,Fantastico,2026-10-09,"                          id=""Fill-10"" fill=""#467C45""></path>"
,,,,,,,,Fantastico,2026-10-09,"                          id=""Fill-12"" fill=""#467C45""></path>"
,,,,,,,,Fantastico,2026-10-09,"                          id=""Fill-14"" fill=""#467C45""></path>"
,,,,,,,,Fantastico,2026-10-09,"                          id=""Fill-16"" fill=""#467C45""></path>"
,,,,,,,,Fantastico,2026-10-09,                </g>
,,,,,,,,Fantastico,2026-10-09,            </g>
,,,,,,,,Fantastico,2026-10-09,        </g>
,,,,,,,,Fantastico,2026-10-09,    </svg>
,,,,,,,,Fantastico,2026-10-09,</div>
,,,,,,,,Fantastico,2026-10-09,"      <div id=""text"">"
,,,,,,,,Fantastico,2026-10-09,        Please wait while your request is being verified...
,,,,,,,,Fantastico,2026-10-09,      </div>
,,,,,,,,Fantastico,2026-10-09,    </div>
,,,,,,,,Fantastico,2026-10-09,  </div>
,,,,,,,,Fantastico,2026-10-09,"  <div id=""eiw58dy53wqw""></div>"
,,,,,,,,Fantastico,2026-10-09,  <script>
,,,,,,,,Fantastico,2026-10-09,  </script>
,,,,,,,,Fantastico,2026-10-09,</body>
,,,,,,,,Fantastico,2026-10-09,</html>
